order_id,rider_id,pickup_time,delivery_time,distance_km,dropzone_time,complaint_type,is_fraud
O00000,R0048,2025-05-02 02:46:00,2025-05-02 03:19:00,1.33,2025-05-02 02:50:00,none,0
O00001,R0004,2025-05-01 10:01:00,2025-05-01 10:24:00,0.95,2025-05-01 10:03:00,MDND,0
O00002,R0034,2025-05-02 02:43:00,2025-05-02 03:11:00,3.43,2025-05-02 02:47:00,missing,0
O00003,R0038,2025-05-02 07:57:00,2025-05-02 08:03:00,1.32,2025-05-02 08:01:00,none,0
O00004,R0002,2025-05-02 06:17:00,2025-05-02 06:43:00,0.53,2025-05-02 06:17:00,none,0
O00005,R0015,2025-05-02 02:02:00,2025-05-02 02:34:00,4.88,2025-05-02 02:04:00,none,0
O00006,R0019,2025-05-02 05:07:00,2025-05-02 05:14:00,4.37,2025-05-02 05:11:00,none,0
O00007,R0017,2025-05-02 05:37:00,2025-05-02 05:45:00,4.74,2025-05-02 05:38:00,none,0
O00008,R0022,2025-05-02 06:49:00,2025-05-02 06:55:00,3.58,2025-05-02 06:52:00,none,0
O00009,R0049,2025-05-01 16:28:00,2025-05-01 16:40:00,0.65,2025-05-01 16:28:00,none,0
O00010,R0004,2025-05-02 07:31:00,2025-05-02 07:37:00,2.41,2025-05-02 07:32:00,none,0
O00011,R0026,2025-05-01 19:42:00,2025-05-01 20:04:00,3.99,2025-05-01 19:43:00,none,0
O00012,R0039,2025-05-02 00:35:00,2025-05-02 00:53:00,3.77,2025-05-02 00:38:00,none,0
O00013,R0036,2025-05-01 12:55:00,2025-05-01 13:20:00,2.25,2025-05-01 12:56:00,none,0
O00014,R0028,2025-05-01 21:11:00,2025-05-01 21:41:00,4.84,2025-05-01 21:14:00,none,0
O00015,R0050,2025-05-02 01:44:00,2025-05-02 02:17:00,4.11,2025-05-02 01:44:00,none,0
O00016,R0011,2025-05-01 16:40:00,2025-05-01 17:08:00,2.28,2025-05-01 16:42:00,none,0
O00017,R0048,2025-05-01 14:31:00,2025-05-01 15:10:00,4.06,2025-05-01 14:33:00,none,0
O00018,R0005,2025-05-01 11:50:00,2025-05-01 12:22:00,4.38,2025-05-01 11:53:00,none,0
O00019,R0020,2025-05-02 01:51:00,2025-05-02 02:18:00,3.51,2025-05-02 01:55:00,none,0
O00020,R0035,2025-05-01 20:05:00,2025-05-01 20:36:00,3.03,2025-05-01 20:07:00,none,0
O00021,R0049,2025-05-01 18:42:00,2025-05-01 18:47:00,3.75,2025-05-01 18:44:00,none,0
O00022,R0017,2025-05-02 01:18:00,2025-05-02 01:48:00,0.61,2025-05-02 01:22:00,none,0
O00023,R0040,2025-05-01 22:23:00,2025-05-01 22:59:00,3.63,2025-05-01 22:27:00,none,0
O00024,R0014,2025-05-01 20:28:00,2025-05-01 20:47:00,3.9,2025-05-01 20:31:00,missing,0
O00025,R0007,2025-05-02 05:06:00,2025-05-02 05:32:00,4.46,2025-05-02 05:07:00,none,0
O00026,R0021,2025-05-02 00:52:00,2025-05-02 01:02:00,2.55,2025-05-02 00:55:00,none,0
O00027,R0029,2025-05-02 06:34:00,2025-05-02 07:06:00,2.1,2025-05-02 06:34:00,none,0
O00028,R0003,2025-05-02 05:46:00,2025-05-02 06:03:00,4.37,2025-05-02 05:48:00,none,0
O00029,R0042,2025-05-02 04:48:00,2025-05-02 05:16:00,4.74,2025-05-02 04:48:00,none,0
O00030,R0014,2025-05-01 15:21:00,2025-05-01 15:37:00,1.63,2025-05-01 15:22:00,none,0
O00031,R0018,2025-05-01 23:51:00,2025-05-02 00:12:00,1.7,2025-05-01 23:52:00,none,0
O00032,R0029,2025-05-01 22:14:00,2025-05-01 22:50:00,4.59,2025-05-01 22:16:00,none,0
O00033,R0010,2025-05-02 01:56:00,2025-05-02 02:26:00,4.94,2025-05-02 01:59:00,none,0
O00034,R0043,2025-05-02 04:07:00,2025-05-02 04:28:00,3.78,2025-05-02 04:11:00,none,0
O00035,R0005,2025-05-01 11:17:00,2025-05-01 11:43:00,2.91,2025-05-01 11:17:00,none,0
O00036,R0027,2025-05-01 11:06:00,2025-05-01 11:16:00,3.63,2025-05-01 11:08:00,none,0
O00037,R0010,2025-05-01 23:54:00,2025-05-02 00:17:00,3.7,2025-05-01 23:56:00,none,0
O00038,R0050,2025-05-01 16:08:00,2025-05-01 16:45:00,2.29,2025-05-01 16:09:00,none,0
O00039,R0002,2025-05-01 15:52:00,2025-05-01 16:19:00,2.94,2025-05-01 15:53:00,none,0
O00040,R0022,2025-05-01 10:23:00,2025-05-01 10:53:00,4.92,2025-05-01 10:26:00,none,0
O00041,R0023,2025-05-01 08:01:00,2025-05-01 08:06:00,0.92,2025-05-01 08:04:00,none,0
O00042,R0048,2025-05-02 03:43:00,2025-05-02 03:56:00,1.75,2025-05-02 03:45:00,none,0
O00043,R0016,2025-05-02 03:14:00,2025-05-02 03:38:00,4.49,2025-05-02 03:14:00,none,0
O00044,R0004,2025-05-01 17:46:00,2025-05-01 17:58:00,4.03,2025-05-01 17:49:00,none,0
O00045,R0030,2025-05-02 02:55:00,2025-05-02 03:24:00,3.49,2025-05-02 02:59:00,none,0
O00046,R0046,2025-05-01 22:37:00,2025-05-01 22:59:00,2.69,2025-05-01 22:39:00,none,0
O00047,R0041,2025-05-01 10:40:00,2025-05-01 10:48:00,1.57,2025-05-01 10:44:00,none,0
O00048,R0014,2025-05-02 07:35:00,2025-05-02 07:46:00,3.74,2025-05-02 07:35:00,none,0
O00049,R0009,2025-05-01 23:54:00,2025-05-02 00:20:00,1.69,2025-05-01 23:58:00,none,0
O00050,R0014,2025-05-02 05:46:00,2025-05-02 06:17:00,4.08,2025-05-02 05:46:00,none,0
O00051,R0015,2025-05-01 23:59:00,2025-05-02 00:36:00,1.38,2025-05-02 00:03:00,none,0
O00052,R0049,2025-05-01 17:06:00,2025-05-01 17:27:00,4.98,2025-05-01 17:10:00,none,0
O00053,R0026,2025-05-01 16:37:00,2025-05-01 17:16:00,3.86,2025-05-01 16:41:00,MDND,0
O00054,R0004,2025-05-01 16:16:00,2025-05-01 16:51:00,4.84,2025-05-01 16:16:00,none,0
O00055,R0023,2025-05-01 12:12:00,2025-05-01 12:37:00,1.36,2025-05-01 12:12:00,none,0
O00056,R0032,2025-05-01 10:07:00,2025-05-01 10:29:00,3.01,2025-05-01 10:08:00,missing,0
O00057,R0034,2025-05-01 19:25:00,2025-05-01 19:53:00,1.44,2025-05-01 19:26:00,none,0
O00058,R0011,2025-05-01 16:09:00,2025-05-01 16:15:00,1.95,2025-05-01 16:09:00,none,0
O00059,R0046,2025-05-01 12:05:00,2025-05-01 12:38:00,1.83,2025-05-01 12:06:00,none,0
O00060,R0030,2025-05-01 23:20:00,2025-05-01 23:48:00,4.61,2025-05-01 23:21:00,none,0
O00061,R0015,2025-05-01 08:35:00,2025-05-01 08:59:00,3.42,2025-05-01 08:38:00,MDND,0
O00062,R0002,2025-05-02 03:26:00,2025-05-02 03:58:00,3.1,2025-05-02 03:28:00,none,0
O00063,R0016,2025-05-01 17:34:00,2025-05-01 18:00:00,3.16,2025-05-01 17:34:00,none,0
O00064,R0046,2025-05-01 21:57:00,2025-05-01 22:16:00,2.12,2025-05-01 22:00:00,none,0
O00065,R0029,2025-05-01 12:23:00,2025-05-01 12:32:00,2.56,2025-05-01 12:27:00,none,0
O00066,R0023,2025-05-02 06:53:00,2025-05-02 07:32:00,3.37,2025-05-02 06:56:00,none,0
O00067,R0008,2025-05-01 14:09:00,2025-05-01 14:43:00,0.68,2025-05-01 14:11:00,none,0
O00068,R0029,2025-05-02 06:49:00,2025-05-02 07:19:00,4.83,2025-05-02 06:49:00,none,0
O00069,R0044,2025-05-02 02:01:00,2025-05-02 02:06:00,2.49,2025-05-02 02:01:00,none,0
O00070,R0015,2025-05-01 22:56:00,2025-05-01 23:16:00,2.83,2025-05-01 23:00:00,none,0
O00071,R0005,2025-05-01 12:06:00,2025-05-01 12:13:00,1.61,2025-05-01 12:08:00,none,0
O00072,R0018,2025-05-01 19:36:00,2025-05-01 20:09:00,1.02,2025-05-01 19:40:00,none,0
O00073,R0039,2025-05-01 09:33:00,2025-05-01 09:42:00,2.63,2025-05-01 09:34:00,none,0
O00074,R0032,2025-05-01 13:40:00,2025-05-01 14:17:00,2.59,2025-05-01 13:44:00,none,0
O00075,R0024,2025-05-01 16:41:00,2025-05-01 16:50:00,4.49,2025-05-01 16:44:00,none,0
O00076,R0032,2025-05-01 20:41:00,2025-05-01 21:04:00,2.76,2025-05-01 20:41:00,none,0
O00077,R0030,2025-05-01 16:35:00,2025-05-01 16:55:00,0.82,2025-05-01 16:36:00,none,0
O00078,R0044,2025-05-01 22:55:00,2025-05-01 23:31:00,4.73,2025-05-01 22:58:00,none,0
O00079,R0004,2025-05-01 14:19:00,2025-05-01 14:56:00,2.56,2025-05-01 14:21:00,none,0
O00080,R0018,2025-05-02 05:31:00,2025-05-02 05:38:00,4.19,2025-05-02 05:32:00,none,0
O00081,R0003,2025-05-01 12:44:00,2025-05-01 13:01:00,1.47,2025-05-01 12:45:00,none,0
O00082,R0014,2025-05-01 20:33:00,2025-05-01 21:12:00,2.01,2025-05-01 20:34:00,none,0
O00083,R0007,2025-05-02 00:09:00,2025-05-02 00:39:00,2.03,2025-05-02 00:11:00,none,0
O00084,R0003,2025-05-02 04:19:00,2025-05-02 04:34:00,4.45,2025-05-02 04:22:00,none,0
O00085,R0038,2025-05-02 01:00:00,2025-05-02 01:14:00,2.41,2025-05-02 01:02:00,damaged,0
O00086,R0007,2025-05-02 00:17:00,2025-05-02 00:53:00,2.03,2025-05-02 00:21:00,none,0
O00087,R0002,2025-05-01 12:38:00,2025-05-01 13:07:00,1.57,2025-05-01 12:38:00,none,0
O00088,R0048,2025-05-01 17:55:00,2025-05-01 18:24:00,1.94,2025-05-01 17:57:00,none,0
O00089,R0027,2025-05-01 14:35:00,2025-05-01 14:58:00,0.91,2025-05-01 14:38:00,missing,0
O00090,R0028,2025-05-02 07:27:00,2025-05-02 07:50:00,2.72,2025-05-02 07:31:00,none,0
O00091,R0035,2025-05-01 14:35:00,2025-05-01 15:04:00,2.99,2025-05-01 14:39:00,none,0
O00092,R0033,2025-05-02 03:34:00,2025-05-02 03:54:00,4.05,2025-05-02 03:38:00,missing,0
O00093,R0033,2025-05-02 04:09:00,2025-05-02 04:27:00,2.97,2025-05-02 04:13:00,none,0
O00094,R0048,2025-05-01 20:12:00,2025-05-01 20:27:00,1.03,2025-05-01 20:15:00,none,0
O00095,R0023,2025-05-01 23:53:00,2025-05-02 00:14:00,0.96,2025-05-01 23:57:00,none,0
O00096,R0048,2025-05-02 07:36:00,2025-05-02 08:07:00,3.68,2025-05-02 07:40:00,none,0
O00097,R0034,2025-05-01 13:38:00,2025-05-01 13:50:00,2.18,2025-05-01 13:38:00,MDND,0
O00098,R0018,2025-05-01 16:30:00,2025-05-01 16:41:00,4.94,2025-05-01 16:33:00,none,0
O00099,R0001,2025-05-02 05:15:00,2025-05-02 05:50:00,2.67,2025-05-02 05:18:00,none,0
O00100,R0027,2025-05-01 09:30:00,2025-05-01 09:44:00,4.58,2025-05-01 09:32:00,none,0
O00101,R0015,2025-05-01 20:33:00,2025-05-01 21:05:00,3.07,2025-05-01 20:36:00,none,0
O00102,R0037,2025-05-01 21:48:00,2025-05-01 21:53:00,3.56,2025-05-01 21:51:00,missing,0
O00103,R0025,2025-05-02 04:14:00,2025-05-02 04:43:00,4.41,2025-05-02 04:18:00,missing,0
O00104,R0042,2025-05-01 19:24:00,2025-05-01 20:00:00,3.0,2025-05-01 19:28:00,none,0
O00105,R0023,2025-05-02 04:36:00,2025-05-02 04:51:00,4.64,2025-05-02 04:39:00,none,0
O00106,R0008,2025-05-02 07:45:00,2025-05-02 08:03:00,1.83,2025-05-02 07:45:00,none,0
O00107,R0031,2025-05-02 05:22:00,2025-05-02 05:42:00,3.82,2025-05-02 05:24:00,none,0
O00108,R0021,2025-05-01 20:15:00,2025-05-01 20:35:00,4.51,2025-05-01 20:18:00,none,0
O00109,R0049,2025-05-01 14:12:00,2025-05-01 14:24:00,1.26,2025-05-01 14:15:00,none,0
O00110,R0035,2025-05-01 19:37:00,2025-05-01 20:09:00,0.85,2025-05-01 19:37:00,none,0
O00111,R0033,2025-05-01 16:21:00,2025-05-01 16:42:00,1.76,2025-05-01 16:25:00,none,0
O00112,R0027,2025-05-01 20:11:00,2025-05-01 20:44:00,1.1,2025-05-01 20:13:00,none,0
O00113,R0027,2025-05-01 22:42:00,2025-05-01 22:51:00,3.26,2025-05-01 22:43:00,none,0
O00114,R0038,2025-05-01 21:17:00,2025-05-01 21:26:00,0.62,2025-05-01 21:17:00,none,0
O00115,R0035,2025-05-01 10:25:00,2025-05-01 11:01:00,4.93,2025-05-01 10:27:00,none,0
O00116,R0033,2025-05-01 09:02:00,2025-05-01 09:31:00,4.86,2025-05-01 09:04:00,none,0
O00117,R0023,2025-05-01 09:44:00,2025-05-01 10:23:00,1.1,2025-05-01 09:48:00,none,0
O00118,R0041,2025-05-01 16:37:00,2025-05-01 17:09:00,4.16,2025-05-01 16:41:00,damaged,0
O00119,R0022,2025-05-02 01:26:00,2025-05-02 01:40:00,4.32,2025-05-02 01:26:00,none,0
O00120,R0024,2025-05-01 15:36:00,2025-05-01 15:41:00,4.79,2025-05-01 15:40:00,none,0
O00121,R0037,2025-05-01 15:28:00,2025-05-01 16:04:00,0.71,2025-05-01 15:29:00,none,0
O00122,R0022,2025-05-01 15:17:00,2025-05-01 15:24:00,2.84,2025-05-01 15:20:00,none,0
O00123,R0001,2025-05-01 11:55:00,2025-05-01 12:04:00,0.9,2025-05-01 11:57:00,none,0
O00124,R0048,2025-05-01 18:23:00,2025-05-01 18:50:00,3.9,2025-05-01 18:27:00,none,0
O00125,R0021,2025-05-01 09:14:00,2025-05-01 09:52:00,2.08,2025-05-01 09:15:00,none,0
O00126,R0009,2025-05-02 06:38:00,2025-05-02 07:09:00,0.91,2025-05-02 06:39:00,none,0
O00127,R0014,2025-05-01 10:45:00,2025-05-01 11:22:00,4.03,2025-05-01 10:48:00,none,0
O00128,R0050,2025-05-02 02:49:00,2025-05-02 03:10:00,4.77,2025-05-02 02:52:00,none,0
O00129,R0049,2025-05-02 07:44:00,2025-05-02 07:58:00,3.96,2025-05-02 07:47:00,none,0
O00130,R0031,2025-05-01 17:05:00,2025-05-01 17:15:00,2.72,2025-05-01 17:09:00,none,0
O00131,R0040,2025-05-01 08:42:00,2025-05-01 08:57:00,0.84,2025-05-01 08:42:00,none,0
O00132,R0023,2025-05-01 22:07:00,2025-05-01 22:42:00,2.3,2025-05-01 22:10:00,none,0
O00133,R0037,2025-05-01 12:40:00,2025-05-01 12:47:00,4.43,2025-05-01 12:42:00,none,0
O00134,R0033,2025-05-01 09:00:00,2025-05-01 09:23:00,4.2,2025-05-01 09:01:00,none,0
O00135,R0010,2025-05-01 16:53:00,2025-05-01 17:18:00,2.97,2025-05-01 16:57:00,none,0
O00136,R0009,2025-05-01 13:45:00,2025-05-01 14:23:00,1.08,2025-05-01 13:46:00,none,0
O00137,R0043,2025-05-02 02:16:00,2025-05-02 02:46:00,4.1,2025-05-02 02:16:00,none,0
O00138,R0017,2025-05-02 01:59:00,2025-05-02 02:33:00,1.21,2025-05-02 02:03:00,none,0
O00139,R0021,2025-05-01 21:23:00,2025-05-01 21:28:00,0.88,2025-05-01 21:25:00,none,0
O00140,R0033,2025-05-01 19:58:00,2025-05-01 20:24:00,1.56,2025-05-01 20:01:00,none,0
O00141,R0005,2025-05-02 04:39:00,2025-05-02 04:45:00,3.86,2025-05-02 04:41:00,none,0
O00142,R0017,2025-05-02 01:10:00,2025-05-02 01:17:00,4.53,2025-05-02 01:12:00,none,0
O00143,R0028,2025-05-02 05:37:00,2025-05-02 06:16:00,2.29,2025-05-02 05:37:00,none,0
O00144,R0037,2025-05-01 08:27:00,2025-05-01 08:41:00,3.04,2025-05-01 08:27:00,none,0
O00145,R0038,2025-05-01 10:05:00,2025-05-01 10:34:00,4.51,2025-05-01 10:08:00,none,0
O00146,R0013,2025-05-02 07:37:00,2025-05-02 07:44:00,3.42,2025-05-02 07:38:00,none,0
O00147,R0026,2025-05-01 09:50:00,2025-05-01 10:16:00,3.14,2025-05-01 09:50:00,none,0
O00148,R0017,2025-05-01 15:04:00,2025-05-01 15:14:00,4.55,2025-05-01 15:05:00,none,0
O00149,R0045,2025-05-01 13:14:00,2025-05-01 13:24:00,3.23,2025-05-01 13:14:00,none,0
O00150,R0045,2025-05-01 12:36:00,2025-05-01 12:46:00,2.14,2025-05-01 12:39:00,MDND,0
O00151,R0004,2025-05-01 13:49:00,2025-05-01 14:24:00,0.75,2025-05-01 13:49:00,none,0
O00152,R0038,2025-05-01 12:02:00,2025-05-01 12:37:00,2.35,2025-05-01 12:05:00,damaged,0
O00153,R0039,2025-05-01 08:05:00,2025-05-01 08:11:00,3.09,2025-05-01 08:07:00,MDND,1
O00154,R0005,2025-05-01 18:45:00,2025-05-01 19:19:00,1.27,2025-05-01 18:47:00,none,0
O00155,R0024,2025-05-01 11:13:00,2025-05-01 11:32:00,2.91,2025-05-01 11:14:00,none,0
O00156,R0011,2025-05-02 06:03:00,2025-05-02 06:12:00,1.34,2025-05-02 06:06:00,none,0
O00157,R0037,2025-05-01 11:44:00,2025-05-01 12:08:00,1.59,2025-05-01 11:44:00,none,0
O00158,R0006,2025-05-01 13:19:00,2025-05-01 13:34:00,4.69,2025-05-01 13:23:00,none,0
O00159,R0039,2025-05-01 23:01:00,2025-05-01 23:15:00,2.97,2025-05-01 23:02:00,damaged,0
O00160,R0036,2025-05-01 08:12:00,2025-05-01 08:18:00,0.9,2025-05-01 08:16:00,none,0
O00161,R0009,2025-05-01 20:56:00,2025-05-01 21:11:00,2.63,2025-05-01 20:58:00,none,0
O00162,R0029,2025-05-01 13:17:00,2025-05-01 13:35:00,4.7,2025-05-01 13:19:00,missing,0
O00163,R0004,2025-05-01 17:47:00,2025-05-01 18:26:00,0.8,2025-05-01 17:50:00,none,0
O00164,R0033,2025-05-01 22:32:00,2025-05-01 22:50:00,4.1,2025-05-01 22:34:00,none,0
O00165,R0047,2025-05-01 08:04:00,2025-05-01 08:27:00,3.49,2025-05-01 08:05:00,MDND,0
O00166,R0034,2025-05-01 18:00:00,2025-05-01 18:29:00,3.57,2025-05-01 18:02:00,none,0
O00167,R0020,2025-05-02 01:26:00,2025-05-02 01:45:00,3.1,2025-05-02 01:26:00,MDND,0
O00168,R0013,2025-05-01 16:22:00,2025-05-01 16:28:00,2.95,2025-05-01 16:24:00,none,0
O00169,R0022,2025-05-01 11:17:00,2025-05-01 11:27:00,2.0,2025-05-01 11:19:00,none,0
O00170,R0015,2025-05-02 01:18:00,2025-05-02 01:51:00,2.73,2025-05-02 01:20:00,none,0
O00171,R0038,2025-05-01 17:09:00,2025-05-01 17:46:00,3.68,2025-05-01 17:11:00,none,0
O00172,R0037,2025-05-02 05:17:00,2025-05-02 05:25:00,3.06,2025-05-02 05:18:00,none,0
O00173,R0005,2025-05-01 22:24:00,2025-05-01 22:41:00,1.0,2025-05-01 22:27:00,none,0
O00174,R0026,2025-05-01 23:47:00,2025-05-02 00:06:00,4.09,2025-05-01 23:51:00,none,0
O00175,R0037,2025-05-01 13:23:00,2025-05-01 13:39:00,3.97,2025-05-01 13:25:00,none,0
O00176,R0032,2025-05-01 20:34:00,2025-05-01 21:04:00,1.63,2025-05-01 20:38:00,none,0
O00177,R0037,2025-05-02 05:17:00,2025-05-02 05:31:00,2.04,2025-05-02 05:18:00,missing,0
O00178,R0047,2025-05-01 14:35:00,2025-05-01 15:05:00,3.14,2025-05-01 14:36:00,none,0
O00179,R0004,2025-05-01 21:47:00,2025-05-01 22:03:00,0.96,2025-05-01 21:50:00,none,0
O00180,R0008,2025-05-01 10:06:00,2025-05-01 10:38:00,2.18,2025-05-01 10:06:00,none,0
O00181,R0019,2025-05-02 01:32:00,2025-05-02 01:50:00,4.7,2025-05-02 01:34:00,none,0
O00182,R0012,2025-05-01 21:33:00,2025-05-01 21:58:00,1.24,2025-05-01 21:36:00,none,0
O00183,R0025,2025-05-01 21:44:00,2025-05-01 21:49:00,4.41,2025-05-01 21:46:00,none,0
O00184,R0015,2025-05-01 19:00:00,2025-05-01 19:13:00,3.85,2025-05-01 19:01:00,none,0
O00185,R0043,2025-05-01 09:56:00,2025-05-01 10:26:00,2.0,2025-05-01 09:59:00,none,0
O00186,R0050,2025-05-01 09:14:00,2025-05-01 09:20:00,2.6,2025-05-01 09:16:00,none,0
O00187,R0008,2025-05-01 18:39:00,2025-05-01 19:07:00,3.1,2025-05-01 18:42:00,none,0
O00188,R0005,2025-05-02 03:44:00,2025-05-02 04:17:00,3.11,2025-05-02 03:45:00,none,0
O00189,R0006,2025-05-02 01:52:00,2025-05-02 02:03:00,4.89,2025-05-02 01:52:00,none,0
O00190,R0025,2025-05-01 13:41:00,2025-05-01 14:13:00,2.91,2025-05-01 13:41:00,none,0
O00191,R0012,2025-05-02 03:24:00,2025-05-02 03:58:00,3.87,2025-05-02 03:26:00,none,0
O00192,R0031,2025-05-02 06:21:00,2025-05-02 06:57:00,2.61,2025-05-02 06:21:00,none,0
O00193,R0026,2025-05-01 12:45:00,2025-05-01 13:05:00,3.04,2025-05-01 12:46:00,none,0
O00194,R0029,2025-05-02 07:14:00,2025-05-02 07:20:00,2.91,2025-05-02 07:14:00,none,0
O00195,R0033,2025-05-01 23:46:00,2025-05-01 23:54:00,1.32,2025-05-01 23:50:00,none,0
O00196,R0024,2025-05-01 21:19:00,2025-05-01 21:33:00,1.72,2025-05-01 21:20:00,none,0
O00197,R0031,2025-05-01 09:26:00,2025-05-01 09:58:00,4.28,2025-05-01 09:30:00,none,0
O00198,R0039,2025-05-01 13:12:00,2025-05-01 13:19:00,1.54,2025-05-01 13:14:00,none,0
O00199,R0001,2025-05-01 13:27:00,2025-05-01 13:34:00,4.49,2025-05-01 13:30:00,none,0
O00200,R0001,2025-05-01 09:35:00,2025-05-01 10:03:00,3.75,2025-05-01 09:37:00,missing,0
O00201,R0022,2025-05-01 10:44:00,2025-05-01 11:09:00,2.33,2025-05-01 10:45:00,none,0
O00202,R0008,2025-05-01 20:54:00,2025-05-01 21:31:00,1.44,2025-05-01 20:56:00,none,0
O00203,R0040,2025-05-01 23:14:00,2025-05-01 23:47:00,2.4,2025-05-01 23:15:00,MDND,0
O00204,R0042,2025-05-01 19:48:00,2025-05-01 20:12:00,2.01,2025-05-01 19:49:00,none,0
O00205,R0033,2025-05-02 03:02:00,2025-05-02 03:18:00,4.24,2025-05-02 03:06:00,none,0
O00206,R0017,2025-05-01 23:04:00,2025-05-01 23:42:00,4.37,2025-05-01 23:06:00,missing,0
O00207,R0031,2025-05-01 22:13:00,2025-05-01 22:41:00,1.01,2025-05-01 22:15:00,MDND,0
O00208,R0049,2025-05-01 10:07:00,2025-05-01 10:43:00,2.41,2025-05-01 10:09:00,none,0
O00209,R0019,2025-05-01 16:40:00,2025-05-01 16:46:00,3.35,2025-05-01 16:40:00,none,0
O00210,R0041,2025-05-02 04:58:00,2025-05-02 05:06:00,1.1,2025-05-02 05:02:00,none,0
O00211,R0049,2025-05-01 21:24:00,2025-05-01 21:39:00,4.2,2025-05-01 21:28:00,none,0
O00212,R0009,2025-05-01 08:40:00,2025-05-01 09:18:00,2.99,2025-05-01 08:40:00,none,0
O00213,R0037,2025-05-01 17:47:00,2025-05-01 18:14:00,0.98,2025-05-01 17:51:00,none,0
O00214,R0008,2025-05-02 05:50:00,2025-05-02 06:00:00,3.79,2025-05-02 05:51:00,none,0
O00215,R0047,2025-05-01 21:40:00,2025-05-01 21:51:00,3.08,2025-05-01 21:40:00,none,0
O00216,R0009,2025-05-01 19:41:00,2025-05-01 19:47:00,1.25,2025-05-01 19:43:00,none,0
O00217,R0024,2025-05-01 19:32:00,2025-05-01 20:02:00,0.81,2025-05-01 19:34:00,none,0
O00218,R0007,2025-05-01 19:15:00,2025-05-01 19:54:00,4.77,2025-05-01 19:19:00,none,0
O00219,R0008,2025-05-01 20:30:00,2025-05-01 20:54:00,1.23,2025-05-01 20:33:00,none,0
O00220,R0010,2025-05-01 23:57:00,2025-05-02 00:35:00,3.3,2025-05-01 23:58:00,none,0
O00221,R0042,2025-05-01 19:52:00,2025-05-01 20:13:00,2.36,2025-05-01 19:56:00,none,0
O00222,R0010,2025-05-01 08:41:00,2025-05-01 09:10:00,1.61,2025-05-01 08:43:00,none,0
O00223,R0005,2025-05-01 09:47:00,2025-05-01 10:21:00,0.52,2025-05-01 09:50:00,none,0
O00224,R0031,2025-05-02 01:47:00,2025-05-02 02:08:00,4.78,2025-05-02 01:47:00,none,0
O00225,R0016,2025-05-02 06:21:00,2025-05-02 06:41:00,4.43,2025-05-02 06:25:00,none,0
O00226,R0017,2025-05-01 14:13:00,2025-05-01 14:33:00,4.32,2025-05-01 14:13:00,MDND,0
O00227,R0023,2025-05-02 05:31:00,2025-05-02 05:50:00,3.62,2025-05-02 05:31:00,missing,0
O00228,R0045,2025-05-01 08:46:00,2025-05-01 09:22:00,3.68,2025-05-01 08:46:00,none,0
O00229,R0026,2025-05-02 00:20:00,2025-05-02 00:46:00,4.62,2025-05-02 00:24:00,none,0
O00230,R0007,2025-05-01 22:42:00,2025-05-01 22:54:00,4.87,2025-05-01 22:46:00,none,0
O00231,R0006,2025-05-02 00:29:00,2025-05-02 01:08:00,1.94,2025-05-02 00:30:00,none,0
O00232,R0050,2025-05-02 03:42:00,2025-05-02 04:10:00,1.54,2025-05-02 03:45:00,none,0
O00233,R0032,2025-05-01 10:10:00,2025-05-01 10:40:00,3.76,2025-05-01 10:13:00,none,0
O00234,R0024,2025-05-01 16:16:00,2025-05-01 16:24:00,4.06,2025-05-01 16:16:00,none,0
O00235,R0041,2025-05-02 03:44:00,2025-05-02 04:04:00,2.42,2025-05-02 03:47:00,none,0
O00236,R0022,2025-05-01 13:10:00,2025-05-01 13:49:00,4.42,2025-05-01 13:12:00,MDND,0
O00237,R0029,2025-05-02 03:24:00,2025-05-02 03:46:00,4.73,2025-05-02 03:26:00,none,0
O00238,R0008,2025-05-01 21:33:00,2025-05-01 22:06:00,3.95,2025-05-01 21:37:00,none,0
O00239,R0014,2025-05-01 20:27:00,2025-05-01 20:47:00,4.43,2025-05-01 20:27:00,none,0
O00240,R0047,2025-05-01 23:20:00,2025-05-01 23:44:00,3.82,2025-05-01 23:20:00,none,0
O00241,R0008,2025-05-02 03:25:00,2025-05-02 03:59:00,4.34,2025-05-02 03:26:00,none,0
O00242,R0027,2025-05-01 15:11:00,2025-05-01 15:16:00,4.6,2025-05-01 15:11:00,none,0
O00243,R0042,2025-05-02 06:47:00,2025-05-02 06:55:00,1.48,2025-05-02 06:48:00,none,0
O00244,R0040,2025-05-01 23:38:00,2025-05-01 23:48:00,4.92,2025-05-01 23:40:00,MDND,0
O00245,R0019,2025-05-01 11:45:00,2025-05-01 12:14:00,3.85,2025-05-01 11:48:00,none,0
O00246,R0030,2025-05-02 06:13:00,2025-05-02 06:27:00,0.71,2025-05-02 06:13:00,none,0
O00247,R0007,2025-05-01 20:32:00,2025-05-01 20:39:00,4.22,2025-05-01 20:36:00,none,0
O00248,R0021,2025-05-02 01:50:00,2025-05-02 02:17:00,4.48,2025-05-02 01:52:00,none,0
O00249,R0024,2025-05-01 14:58:00,2025-05-01 15:20:00,3.63,2025-05-01 15:00:00,none,0
O00250,R0018,2025-05-01 21:00:00,2025-05-01 21:29:00,3.17,2025-05-01 21:04:00,none,0
O00251,R0006,2025-05-01 23:51:00,2025-05-01 23:58:00,1.73,2025-05-01 23:55:00,MDND,1
O00252,R0021,2025-05-01 23:20:00,2025-05-01 23:58:00,4.38,2025-05-01 23:20:00,none,0
O00253,R0039,2025-05-02 05:24:00,2025-05-02 05:39:00,0.89,2025-05-02 05:27:00,none,0
O00254,R0050,2025-05-01 13:27:00,2025-05-01 13:36:00,0.72,2025-05-01 13:28:00,none,0
O00255,R0007,2025-05-02 06:19:00,2025-05-02 06:36:00,4.53,2025-05-02 06:23:00,MDND,0
O00256,R0044,2025-05-02 01:43:00,2025-05-02 02:19:00,2.82,2025-05-02 01:45:00,none,0
O00257,R0010,2025-05-02 01:43:00,2025-05-02 02:21:00,2.95,2025-05-02 01:47:00,none,0
O00258,R0026,2025-05-02 05:25:00,2025-05-02 05:53:00,4.09,2025-05-02 05:28:00,MDND,0
O00259,R0050,2025-05-01 21:35:00,2025-05-01 21:52:00,4.27,2025-05-01 21:35:00,missing,0
O00260,R0020,2025-05-01 13:55:00,2025-05-01 14:26:00,3.89,2025-05-01 13:59:00,MDND,0
O00261,R0049,2025-05-01 21:45:00,2025-05-01 22:20:00,4.22,2025-05-01 21:46:00,none,0
O00262,R0018,2025-05-01 09:21:00,2025-05-01 09:27:00,4.24,2025-05-01 09:25:00,none,0
O00263,R0029,2025-05-02 04:47:00,2025-05-02 05:04:00,3.28,2025-05-02 04:47:00,none,0
O00264,R0035,2025-05-01 13:59:00,2025-05-01 14:34:00,2.2,2025-05-01 14:03:00,none,0
O00265,R0029,2025-05-02 06:29:00,2025-05-02 06:52:00,3.92,2025-05-02 06:30:00,none,0
O00266,R0015,2025-05-02 00:33:00,2025-05-02 01:05:00,3.35,2025-05-02 00:37:00,none,0
O00267,R0042,2025-05-02 04:19:00,2025-05-02 04:43:00,3.6,2025-05-02 04:20:00,missing,0
O00268,R0006,2025-05-01 11:11:00,2025-05-01 11:32:00,3.97,2025-05-01 11:11:00,none,0
O00269,R0026,2025-05-01 19:44:00,2025-05-01 20:10:00,3.29,2025-05-01 19:46:00,MDND,0
O00270,R0032,2025-05-02 05:33:00,2025-05-02 06:06:00,2.51,2025-05-02 05:35:00,none,0
O00271,R0001,2025-05-01 14:20:00,2025-05-01 14:36:00,0.61,2025-05-01 14:22:00,none,0
O00272,R0017,2025-05-01 22:38:00,2025-05-01 22:57:00,4.18,2025-05-01 22:40:00,none,0
O00273,R0031,2025-05-01 20:17:00,2025-05-01 20:50:00,4.75,2025-05-01 20:19:00,none,0
O00274,R0006,2025-05-01 08:38:00,2025-05-01 08:57:00,4.08,2025-05-01 08:42:00,none,0
O00275,R0049,2025-05-02 03:13:00,2025-05-02 03:31:00,1.54,2025-05-02 03:15:00,none,0
O00276,R0037,2025-05-01 22:08:00,2025-05-01 22:40:00,3.79,2025-05-01 22:12:00,none,0
O00277,R0046,2025-05-02 07:30:00,2025-05-02 07:35:00,1.94,2025-05-02 07:31:00,none,0
O00278,R0049,2025-05-02 00:48:00,2025-05-02 01:17:00,3.72,2025-05-02 00:49:00,MDND,0
O00279,R0002,2025-05-01 11:27:00,2025-05-01 11:58:00,4.86,2025-05-01 11:27:00,MDND,0
O00280,R0006,2025-05-02 06:12:00,2025-05-02 06:24:00,3.97,2025-05-02 06:13:00,none,0
O00281,R0014,2025-05-01 14:26:00,2025-05-01 14:59:00,1.09,2025-05-01 14:30:00,MDND,0
O00282,R0012,2025-05-01 14:17:00,2025-05-01 14:24:00,1.33,2025-05-01 14:17:00,none,0
O00283,R0011,2025-05-01 15:34:00,2025-05-01 15:55:00,3.23,2025-05-01 15:37:00,none,0
O00284,R0002,2025-05-02 00:56:00,2025-05-02 01:22:00,3.12,2025-05-02 01:00:00,none,0
O00285,R0009,2025-05-01 17:43:00,2025-05-01 17:58:00,4.93,2025-05-01 17:43:00,none,0
O00286,R0021,2025-05-01 12:33:00,2025-05-01 13:07:00,2.27,2025-05-01 12:35:00,none,0
O00287,R0002,2025-05-01 21:20:00,2025-05-01 21:32:00,3.76,2025-05-01 21:22:00,none,0
O00288,R0003,2025-05-01 14:40:00,2025-05-01 14:56:00,4.94,2025-05-01 14:43:00,none,0
O00289,R0013,2025-05-01 19:53:00,2025-05-01 20:29:00,4.74,2025-05-01 19:53:00,none,0
O00290,R0038,2025-05-01 21:20:00,2025-05-01 21:37:00,0.87,2025-05-01 21:24:00,none,0
O00291,R0014,2025-05-01 23:17:00,2025-05-01 23:23:00,4.9,2025-05-01 23:18:00,none,0
O00292,R0032,2025-05-01 10:22:00,2025-05-01 11:00:00,0.69,2025-05-01 10:25:00,none,0
O00293,R0010,2025-05-01 13:16:00,2025-05-01 13:23:00,4.53,2025-05-01 13:16:00,missing,0
O00294,R0033,2025-05-02 07:02:00,2025-05-02 07:37:00,2.94,2025-05-02 07:03:00,missing,0
O00295,R0036,2025-05-02 06:21:00,2025-05-02 06:45:00,2.03,2025-05-02 06:23:00,none,0
O00296,R0014,2025-05-01 15:38:00,2025-05-01 16:02:00,2.99,2025-05-01 15:39:00,none,0
O00297,R0026,2025-05-01 22:54:00,2025-05-01 23:01:00,0.68,2025-05-01 22:57:00,none,0
O00298,R0015,2025-05-02 00:10:00,2025-05-02 00:32:00,0.77,2025-05-02 00:13:00,none,0
O00299,R0027,2025-05-02 06:04:00,2025-05-02 06:27:00,4.89,2025-05-02 06:07:00,none,0
O00300,R0008,2025-05-01 13:08:00,2025-05-01 13:44:00,2.74,2025-05-01 13:09:00,none,0
O00301,R0028,2025-05-01 19:01:00,2025-05-01 19:37:00,2.94,2025-05-01 19:03:00,none,0
O00302,R0050,2025-05-01 20:34:00,2025-05-01 21:13:00,1.49,2025-05-01 20:34:00,none,0
O00303,R0030,2025-05-01 22:21:00,2025-05-01 22:46:00,3.77,2025-05-01 22:25:00,none,0
O00304,R0019,2025-05-01 21:24:00,2025-05-01 21:32:00,3.81,2025-05-01 21:27:00,none,0
O00305,R0002,2025-05-01 23:46:00,2025-05-02 00:22:00,3.15,2025-05-01 23:47:00,none,0
O00306,R0034,2025-05-01 17:37:00,2025-05-01 17:56:00,4.55,2025-05-01 17:38:00,damaged,0
O00307,R0034,2025-05-01 11:05:00,2025-05-01 11:21:00,2.23,2025-05-01 11:06:00,none,0
O00308,R0048,2025-05-01 23:10:00,2025-05-01 23:47:00,1.09,2025-05-01 23:13:00,MDND,0
O00309,R0004,2025-05-02 06:01:00,2025-05-02 06:19:00,4.87,2025-05-02 06:05:00,MDND,0
O00310,R0046,2025-05-02 00:44:00,2025-05-02 01:02:00,2.82,2025-05-02 00:44:00,none,0
O00311,R0031,2025-05-01 21:57:00,2025-05-01 22:18:00,2.26,2025-05-01 21:57:00,none,0
O00312,R0046,2025-05-02 03:46:00,2025-05-02 03:55:00,1.96,2025-05-02 03:49:00,none,0
O00313,R0011,2025-05-01 13:00:00,2025-05-01 13:27:00,2.54,2025-05-01 13:02:00,MDND,0
O00314,R0036,2025-05-01 18:29:00,2025-05-01 18:47:00,1.99,2025-05-01 18:33:00,none,0
O00315,R0007,2025-05-01 22:21:00,2025-05-01 22:26:00,2.52,2025-05-01 22:23:00,missing,0
O00316,R0019,2025-05-01 13:12:00,2025-05-01 13:36:00,2.21,2025-05-01 13:14:00,none,0
O00317,R0008,2025-05-02 04:27:00,2025-05-02 04:59:00,4.39,2025-05-02 04:30:00,none,0
O00318,R0023,2025-05-01 13:33:00,2025-05-01 13:39:00,1.05,2025-05-01 13:37:00,missing,0
O00319,R0036,2025-05-01 21:16:00,2025-05-01 21:21:00,1.05,2025-05-01 21:20:00,missing,0
O00320,R0032,2025-05-01 21:56:00,2025-05-01 22:33:00,2.78,2025-05-01 21:59:00,none,0
O00321,R0015,2025-05-01 19:32:00,2025-05-01 20:00:00,3.59,2025-05-01 19:33:00,none,0
O00322,R0012,2025-05-02 04:08:00,2025-05-02 04:43:00,1.64,2025-05-02 04:10:00,none,0
O00323,R0016,2025-05-02 05:57:00,2025-05-02 06:21:00,1.07,2025-05-02 06:01:00,none,0
O00324,R0016,2025-05-01 20:25:00,2025-05-01 20:37:00,4.86,2025-05-01 20:25:00,none,0
O00325,R0044,2025-05-01 19:08:00,2025-05-01 19:44:00,1.56,2025-05-01 19:09:00,none,0
O00326,R0020,2025-05-02 03:02:00,2025-05-02 03:32:00,2.18,2025-05-02 03:03:00,none,0
O00327,R0010,2025-05-01 13:02:00,2025-05-01 13:18:00,1.01,2025-05-01 13:02:00,none,0
O00328,R0038,2025-05-01 21:20:00,2025-05-01 21:25:00,1.47,2025-05-01 21:24:00,none,0
O00329,R0013,2025-05-01 14:00:00,2025-05-01 14:30:00,2.07,2025-05-01 14:01:00,damaged,0
O00330,R0038,2025-05-01 17:34:00,2025-05-01 17:47:00,4.4,2025-05-01 17:34:00,MDND,0
O00331,R0041,2025-05-01 17:44:00,2025-05-01 18:01:00,1.8,2025-05-01 17:46:00,MDND,0
O00332,R0005,2025-05-02 07:24:00,2025-05-02 07:32:00,3.5,2025-05-02 07:25:00,none,0
O00333,R0026,2025-05-02 00:40:00,2025-05-02 01:07:00,2.46,2025-05-02 00:42:00,none,0
O00334,R0007,2025-05-01 21:41:00,2025-05-01 21:52:00,0.53,2025-05-01 21:41:00,none,0
O00335,R0031,2025-05-01 19:50:00,2025-05-01 20:09:00,3.63,2025-05-01 19:53:00,none,0
O00336,R0032,2025-05-01 13:04:00,2025-05-01 13:40:00,2.18,2025-05-01 13:07:00,none,0
O00337,R0023,2025-05-02 05:30:00,2025-05-02 06:09:00,1.26,2025-05-02 05:31:00,none,0
O00338,R0024,2025-05-02 01:06:00,2025-05-02 01:31:00,4.39,2025-05-02 01:07:00,none,0
O00339,R0040,2025-05-01 18:28:00,2025-05-01 19:01:00,2.04,2025-05-01 18:31:00,none,0
O00340,R0006,2025-05-01 13:03:00,2025-05-01 13:22:00,2.9,2025-05-01 13:05:00,none,0
O00341,R0025,2025-05-02 06:29:00,2025-05-02 06:54:00,1.38,2025-05-02 06:33:00,MDND,0
O00342,R0010,2025-05-01 21:12:00,2025-05-01 21:27:00,2.21,2025-05-01 21:15:00,missing,0
O00343,R0038,2025-05-01 15:49:00,2025-05-01 16:12:00,0.96,2025-05-01 15:53:00,none,0
O00344,R0050,2025-05-01 14:12:00,2025-05-01 14:43:00,4.68,2025-05-01 14:15:00,none,0
O00345,R0026,2025-05-02 03:27:00,2025-05-02 04:01:00,3.72,2025-05-02 03:27:00,missing,0
O00346,R0007,2025-05-01 09:29:00,2025-05-01 09:58:00,2.85,2025-05-01 09:32:00,none,0
O00347,R0042,2025-05-01 23:08:00,2025-05-01 23:43:00,3.69,2025-05-01 23:08:00,none,0
O00348,R0032,2025-05-01 12:57:00,2025-05-01 13:21:00,2.68,2025-05-01 12:57:00,none,0
O00349,R0030,2025-05-02 07:05:00,2025-05-02 07:22:00,3.21,2025-05-02 07:09:00,MDND,0
O00350,R0002,2025-05-02 01:29:00,2025-05-02 01:42:00,3.41,2025-05-02 01:30:00,none,0
O00351,R0038,2025-05-01 19:21:00,2025-05-01 19:33:00,3.96,2025-05-01 19:21:00,none,0
O00352,R0027,2025-05-02 05:56:00,2025-05-02 06:04:00,1.74,2025-05-02 05:58:00,MDND,1
O00353,R0004,2025-05-02 03:50:00,2025-05-02 04:04:00,4.14,2025-05-02 03:52:00,none,0
O00354,R0032,2025-05-02 00:32:00,2025-05-02 00:41:00,1.26,2025-05-02 00:34:00,MDND,1
O00355,R0040,2025-05-01 19:12:00,2025-05-01 19:37:00,0.93,2025-05-01 19:16:00,none,0
O00356,R0010,2025-05-02 00:27:00,2025-05-02 00:38:00,2.96,2025-05-02 00:28:00,none,0
O00357,R0012,2025-05-02 02:20:00,2025-05-02 02:49:00,4.95,2025-05-02 02:22:00,none,0
O00358,R0021,2025-05-02 07:17:00,2025-05-02 07:32:00,4.96,2025-05-02 07:20:00,none,0
O00359,R0022,2025-05-02 04:41:00,2025-05-02 05:17:00,1.73,2025-05-02 04:44:00,none,0
O00360,R0046,2025-05-01 13:52:00,2025-05-01 13:59:00,2.31,2025-05-01 13:52:00,none,0
O00361,R0022,2025-05-01 15:04:00,2025-05-01 15:12:00,2.49,2025-05-01 15:07:00,none,0
O00362,R0041,2025-05-01 16:36:00,2025-05-01 17:07:00,3.38,2025-05-01 16:37:00,none,0
O00363,R0024,2025-05-01 14:20:00,2025-05-01 14:27:00,1.36,2025-05-01 14:21:00,damaged,0
O00364,R0006,2025-05-01 20:49:00,2025-05-01 21:10:00,4.98,2025-05-01 20:52:00,none,0
O00365,R0038,2025-05-01 15:32:00,2025-05-01 15:49:00,3.36,2025-05-01 15:32:00,none,0
O00366,R0019,2025-05-01 18:17:00,2025-05-01 18:51:00,2.53,2025-05-01 18:20:00,none,0
O00367,R0008,2025-05-02 00:19:00,2025-05-02 00:26:00,4.67,2025-05-02 00:23:00,none,0
O00368,R0039,2025-05-01 18:26:00,2025-05-01 18:35:00,3.82,2025-05-01 18:29:00,none,0
O00369,R0020,2025-05-01 12:45:00,2025-05-01 13:10:00,0.92,2025-05-01 12:46:00,none,0
O00370,R0004,2025-05-01 21:19:00,2025-05-01 21:56:00,3.24,2025-05-01 21:22:00,none,0
O00371,R0002,2025-05-01 20:17:00,2025-05-01 20:35:00,1.03,2025-05-01 20:18:00,none,0
O00372,R0035,2025-05-01 14:00:00,2025-05-01 14:25:00,2.06,2025-05-01 14:00:00,none,0
O00373,R0022,2025-05-01 21:54:00,2025-05-01 22:21:00,4.74,2025-05-01 21:55:00,none,0
O00374,R0010,2025-05-01 14:45:00,2025-05-01 15:04:00,4.96,2025-05-01 14:49:00,none,0
O00375,R0031,2025-05-01 08:11:00,2025-05-01 08:33:00,3.33,2025-05-01 08:12:00,MDND,0
O00376,R0005,2025-05-01 10:13:00,2025-05-01 10:20:00,4.06,2025-05-01 10:16:00,none,0
O00377,R0013,2025-05-01 14:38:00,2025-05-01 15:03:00,0.6,2025-05-01 14:40:00,none,0
O00378,R0011,2025-05-02 04:29:00,2025-05-02 04:53:00,3.08,2025-05-02 04:30:00,none,0
O00379,R0050,2025-05-01 21:12:00,2025-05-01 21:49:00,4.65,2025-05-01 21:12:00,none,0
O00380,R0041,2025-05-01 21:41:00,2025-05-01 21:48:00,4.79,2025-05-01 21:41:00,none,0
O00381,R0002,2025-05-01 16:01:00,2025-05-01 16:13:00,2.65,2025-05-01 16:04:00,none,0
O00382,R0014,2025-05-02 03:56:00,2025-05-02 04:12:00,4.85,2025-05-02 03:59:00,none,0
O00383,R0010,2025-05-01 22:05:00,2025-05-01 22:29:00,2.48,2025-05-01 22:08:00,MDND,0
O00384,R0011,2025-05-01 19:11:00,2025-05-01 19:44:00,0.58,2025-05-01 19:12:00,none,0
O00385,R0038,2025-05-01 15:46:00,2025-05-01 16:21:00,0.78,2025-05-01 15:48:00,none,0
O00386,R0035,2025-05-01 13:44:00,2025-05-01 13:50:00,2.68,2025-05-01 13:45:00,none,0
O00387,R0045,2025-05-02 01:59:00,2025-05-02 02:18:00,4.93,2025-05-02 02:01:00,none,0
O00388,R0028,2025-05-01 10:28:00,2025-05-01 10:41:00,4.02,2025-05-01 10:30:00,none,0
O00389,R0002,2025-05-01 14:39:00,2025-05-01 15:16:00,2.79,2025-05-01 14:39:00,none,0
O00390,R0043,2025-05-02 07:23:00,2025-05-02 07:56:00,3.31,2025-05-02 07:26:00,none,0
O00391,R0010,2025-05-02 02:06:00,2025-05-02 02:45:00,2.15,2025-05-02 02:09:00,none,0
O00392,R0047,2025-05-01 15:34:00,2025-05-01 16:00:00,4.84,2025-05-01 15:35:00,none,0
O00393,R0005,2025-05-01 14:44:00,2025-05-01 15:03:00,3.12,2025-05-01 14:45:00,none,0
O00394,R0029,2025-05-01 23:00:00,2025-05-01 23:05:00,1.96,2025-05-01 23:01:00,none,0
O00395,R0008,2025-05-02 04:36:00,2025-05-02 04:58:00,0.79,2025-05-02 04:39:00,none,0
O00396,R0041,2025-05-01 16:16:00,2025-05-01 16:31:00,2.54,2025-05-01 16:19:00,none,0
O00397,R0050,2025-05-01 18:28:00,2025-05-01 18:58:00,1.07,2025-05-01 18:29:00,none,0
O00398,R0028,2025-05-01 17:53:00,2025-05-01 18:32:00,2.19,2025-05-01 17:56:00,MDND,0
O00399,R0046,2025-05-01 17:13:00,2025-05-01 17:38:00,4.8,2025-05-01 17:13:00,missing,0
O00400,R0001,2025-05-01 08:16:00,2025-05-01 08:29:00,4.74,2025-05-01 08:17:00,none,0
O00401,R0003,2025-05-01 08:28:00,2025-05-01 09:05:00,4.28,2025-05-01 08:29:00,none,0
O00402,R0046,2025-05-01 11:51:00,2025-05-01 12:16:00,4.21,2025-05-01 11:52:00,none,0
O00403,R0043,2025-05-01 20:05:00,2025-05-01 20:17:00,1.52,2025-05-01 20:05:00,none,0
O00404,R0014,2025-05-01 22:15:00,2025-05-01 22:38:00,0.98,2025-05-01 22:18:00,none,0
O00405,R0002,2025-05-01 09:40:00,2025-05-01 09:52:00,0.69,2025-05-01 09:40:00,none,0
O00406,R0014,2025-05-02 07:28:00,2025-05-02 07:56:00,0.97,2025-05-02 07:28:00,missing,0
O00407,R0001,2025-05-01 12:36:00,2025-05-01 13:11:00,1.83,2025-05-01 12:38:00,missing,0
O00408,R0004,2025-05-02 04:34:00,2025-05-02 04:45:00,4.03,2025-05-02 04:36:00,none,0
O00409,R0006,2025-05-02 05:24:00,2025-05-02 05:33:00,3.47,2025-05-02 05:25:00,none,0
O00410,R0046,2025-05-02 00:31:00,2025-05-02 01:03:00,4.55,2025-05-02 00:31:00,missing,0
O00411,R0046,2025-05-01 15:42:00,2025-05-01 15:49:00,1.05,2025-05-01 15:45:00,none,0
O00412,R0021,2025-05-01 10:48:00,2025-05-01 11:17:00,2.89,2025-05-01 10:49:00,none,0
O00413,R0003,2025-05-01 18:51:00,2025-05-01 19:22:00,4.91,2025-05-01 18:55:00,none,0
O00414,R0012,2025-05-01 13:50:00,2025-05-01 14:10:00,4.15,2025-05-01 13:53:00,none,0
O00415,R0045,2025-05-01 16:41:00,2025-05-01 17:00:00,1.0,2025-05-01 16:42:00,none,0
O00416,R0046,2025-05-01 16:07:00,2025-05-01 16:25:00,2.48,2025-05-01 16:07:00,none,0
O00417,R0049,2025-05-01 14:53:00,2025-05-01 15:17:00,1.05,2025-05-01 14:55:00,MDND,0
O00418,R0049,2025-05-01 22:47:00,2025-05-01 23:12:00,1.79,2025-05-01 22:47:00,none,0
O00419,R0037,2025-05-01 23:42:00,2025-05-02 00:04:00,3.36,2025-05-01 23:46:00,missing,0
O00420,R0023,2025-05-01 13:01:00,2025-05-01 13:12:00,1.31,2025-05-01 13:03:00,none,0
O00421,R0011,2025-05-01 19:01:00,2025-05-01 19:30:00,4.72,2025-05-01 19:05:00,none,0
O00422,R0016,2025-05-01 20:49:00,2025-05-01 21:22:00,3.58,2025-05-01 20:52:00,none,0
O00423,R0011,2025-05-02 07:50:00,2025-05-02 08:18:00,2.04,2025-05-02 07:52:00,none,0
O00424,R0045,2025-05-02 06:56:00,2025-05-02 07:03:00,1.84,2025-05-02 06:58:00,none,0
O00425,R0006,2025-05-02 01:33:00,2025-05-02 02:02:00,3.93,2025-05-02 01:34:00,none,0
O00426,R0045,2025-05-01 10:08:00,2025-05-01 10:17:00,4.47,2025-05-01 10:11:00,none,0
O00427,R0035,2025-05-02 04:47:00,2025-05-02 05:25:00,1.42,2025-05-02 04:48:00,none,0
O00428,R0037,2025-05-01 13:01:00,2025-05-01 13:32:00,1.35,2025-05-01 13:01:00,none,0
O00429,R0021,2025-05-02 07:36:00,2025-05-02 08:02:00,4.32,2025-05-02 07:37:00,none,0
O00430,R0021,2025-05-01 11:28:00,2025-05-01 11:46:00,1.41,2025-05-01 11:29:00,none,0
O00431,R0014,2025-05-02 01:23:00,2025-05-02 01:38:00,3.9,2025-05-02 01:25:00,damaged,0
O00432,R0035,2025-05-01 10:11:00,2025-05-01 10:19:00,3.75,2025-05-01 10:13:00,none,0
O00433,R0021,2025-05-01 21:41:00,2025-05-01 22:06:00,0.63,2025-05-01 21:44:00,none,0
O00434,R0034,2025-05-01 23:40:00,2025-05-02 00:04:00,2.31,2025-05-01 23:43:00,none,0
O00435,R0028,2025-05-01 13:35:00,2025-05-01 13:43:00,0.74,2025-05-01 13:36:00,none,0
O00436,R0016,2025-05-01 10:38:00,2025-05-01 11:01:00,2.74,2025-05-01 10:40:00,none,0
O00437,R0039,2025-05-02 02:52:00,2025-05-02 03:08:00,4.03,2025-05-02 02:56:00,none,0
O00438,R0031,2025-05-01 08:18:00,2025-05-01 08:52:00,1.98,2025-05-01 08:18:00,none,0
O00439,R0005,2025-05-02 02:56:00,2025-05-02 03:28:00,3.81,2025-05-02 02:58:00,none,0
O00440,R0020,2025-05-02 03:01:00,2025-05-02 03:38:00,2.4,2025-05-02 03:04:00,none,0
O00441,R0005,2025-05-02 01:50:00,2025-05-02 02:21:00,3.59,2025-05-02 01:53:00,none,0
O00442,R0007,2025-05-01 10:16:00,2025-05-01 10:46:00,3.14,2025-05-01 10:16:00,none,0
O00443,R0010,2025-05-01 10:17:00,2025-05-01 10:24:00,0.62,2025-05-01 10:17:00,none,0
O00444,R0039,2025-05-01 19:49:00,2025-05-01 20:10:00,4.68,2025-05-01 19:51:00,missing,0
O00445,R0023,2025-05-01 17:06:00,2025-05-01 17:36:00,4.43,2025-05-01 17:10:00,none,0
O00446,R0004,2025-05-01 08:48:00,2025-05-01 09:13:00,2.56,2025-05-01 08:52:00,none,0
O00447,R0018,2025-05-02 05:23:00,2025-05-02 06:02:00,2.47,2025-05-02 05:23:00,none,0
O00448,R0015,2025-05-01 21:28:00,2025-05-01 22:03:00,4.65,2025-05-01 21:28:00,missing,0
O00449,R0021,2025-05-01 23:25:00,2025-05-01 23:53:00,0.76,2025-05-01 23:28:00,none,0
O00450,R0041,2025-05-02 04:43:00,2025-05-02 05:01:00,1.62,2025-05-02 04:44:00,none,0
O00451,R0018,2025-05-01 17:41:00,2025-05-01 17:54:00,2.69,2025-05-01 17:43:00,none,0
O00452,R0009,2025-05-01 12:09:00,2025-05-01 12:34:00,2.9,2025-05-01 12:09:00,none,0
O00453,R0041,2025-05-02 02:13:00,2025-05-02 02:32:00,0.6,2025-05-02 02:15:00,missing,0
O00454,R0030,2025-05-01 23:43:00,2025-05-01 23:54:00,2.27,2025-05-01 23:44:00,none,0
O00455,R0003,2025-05-01 22:55:00,2025-05-01 23:13:00,3.79,2025-05-01 22:56:00,missing,0
O00456,R0042,2025-05-02 03:14:00,2025-05-02 03:41:00,1.39,2025-05-02 03:14:00,none,0
O00457,R0018,2025-05-01 22:12:00,2025-05-01 22:28:00,2.07,2025-05-01 22:12:00,none,0
O00458,R0010,2025-05-01 18:28:00,2025-05-01 18:36:00,2.38,2025-05-01 18:28:00,MDND,1
O00459,R0049,2025-05-02 00:54:00,2025-05-02 01:31:00,2.86,2025-05-02 00:58:00,none,0
O00460,R0019,2025-05-01 08:27:00,2025-05-01 08:53:00,2.97,2025-05-01 08:28:00,none,0
O00461,R0049,2025-05-01 11:17:00,2025-05-01 11:55:00,2.68,2025-05-01 11:21:00,none,0
O00462,R0021,2025-05-01 08:21:00,2025-05-01 08:27:00,0.94,2025-05-01 08:23:00,none,0
O00463,R0021,2025-05-02 02:29:00,2025-05-02 02:45:00,0.78,2025-05-02 02:32:00,none,0
O00464,R0027,2025-05-01 18:10:00,2025-05-01 18:46:00,1.66,2025-05-01 18:13:00,none,0
O00465,R0050,2025-05-02 02:11:00,2025-05-02 02:37:00,0.58,2025-05-02 02:15:00,none,0
O00466,R0007,2025-05-01 18:27:00,2025-05-01 18:59:00,1.65,2025-05-01 18:31:00,none,0
O00467,R0050,2025-05-01 08:57:00,2025-05-01 09:29:00,3.97,2025-05-01 08:58:00,none,0
O00468,R0010,2025-05-02 05:17:00,2025-05-02 05:24:00,4.59,2025-05-02 05:17:00,none,0
O00469,R0004,2025-05-01 11:46:00,2025-05-01 11:56:00,2.17,2025-05-01 11:46:00,none,0
O00470,R0048,2025-05-01 19:48:00,2025-05-01 20:03:00,1.42,2025-05-01 19:49:00,none,0
O00471,R0040,2025-05-01 16:27:00,2025-05-01 16:59:00,3.91,2025-05-01 16:31:00,none,0
O00472,R0023,2025-05-01 17:26:00,2025-05-01 17:39:00,2.28,2025-05-01 17:27:00,none,0
O00473,R0012,2025-05-01 15:47:00,2025-05-01 15:57:00,4.07,2025-05-01 15:49:00,none,0
O00474,R0009,2025-05-01 12:42:00,2025-05-01 13:19:00,3.19,2025-05-01 12:46:00,none,0
O00475,R0039,2025-05-01 19:27:00,2025-05-01 19:35:00,4.09,2025-05-01 19:29:00,MDND,1
O00476,R0013,2025-05-01 21:33:00,2025-05-01 21:53:00,4.95,2025-05-01 21:37:00,damaged,0
O00477,R0021,2025-05-01 19:09:00,2025-05-01 19:26:00,1.95,2025-05-01 19:12:00,MDND,0
O00478,R0014,2025-05-01 12:06:00,2025-05-01 12:37:00,3.59,2025-05-01 12:08:00,none,0
O00479,R0003,2025-05-01 23:29:00,2025-05-01 23:59:00,0.86,2025-05-01 23:33:00,missing,0
O00480,R0014,2025-05-01 12:24:00,2025-05-01 12:34:00,3.7,2025-05-01 12:27:00,damaged,0
O00481,R0021,2025-05-01 23:42:00,2025-05-01 23:55:00,2.11,2025-05-01 23:43:00,none,0
O00482,R0011,2025-05-01 17:47:00,2025-05-01 18:19:00,2.86,2025-05-01 17:51:00,none,0
O00483,R0019,2025-05-02 04:41:00,2025-05-02 05:18:00,1.58,2025-05-02 04:44:00,MDND,0
O00484,R0012,2025-05-01 13:06:00,2025-05-01 13:28:00,3.87,2025-05-01 13:06:00,none,0
O00485,R0050,2025-05-01 22:55:00,2025-05-01 23:21:00,3.82,2025-05-01 22:58:00,none,0
O00486,R0015,2025-05-01 23:30:00,2025-05-02 00:07:00,1.07,2025-05-01 23:31:00,none,0
O00487,R0006,2025-05-01 23:35:00,2025-05-02 00:07:00,3.57,2025-05-01 23:35:00,none,0
O00488,R0008,2025-05-01 08:00:00,2025-05-01 08:12:00,0.83,2025-05-01 08:02:00,none,0
O00489,R0029,2025-05-01 10:22:00,2025-05-01 10:47:00,0.65,2025-05-01 10:26:00,none,0
O00490,R0043,2025-05-01 15:39:00,2025-05-01 16:00:00,3.95,2025-05-01 15:41:00,none,0
O00491,R0012,2025-05-02 04:30:00,2025-05-02 04:52:00,3.43,2025-05-02 04:32:00,none,0
O00492,R0015,2025-05-02 06:57:00,2025-05-02 07:15:00,4.39,2025-05-02 06:59:00,none,0
O00493,R0034,2025-05-01 17:55:00,2025-05-01 18:24:00,2.4,2025-05-01 17:56:00,missing,0
O00494,R0013,2025-05-01 19:01:00,2025-05-01 19:24:00,4.88,2025-05-01 19:03:00,none,0
O00495,R0025,2025-05-01 12:43:00,2025-05-01 13:07:00,4.92,2025-05-01 12:43:00,none,0
O00496,R0037,2025-05-02 07:18:00,2025-05-02 07:41:00,4.43,2025-05-02 07:22:00,none,0
O00497,R0033,2025-05-01 23:35:00,2025-05-01 23:56:00,1.59,2025-05-01 23:35:00,none,0
O00498,R0012,2025-05-01 09:28:00,2025-05-01 09:46:00,3.19,2025-05-01 09:30:00,none,0
O00499,R0003,2025-05-01 13:33:00,2025-05-01 14:07:00,3.19,2025-05-01 13:35:00,MDND,0
O00500,R0041,2025-05-01 16:33:00,2025-05-01 16:59:00,4.52,2025-05-01 16:37:00,none,0
O00501,R0007,2025-05-01 15:11:00,2025-05-01 15:45:00,2.43,2025-05-01 15:13:00,damaged,0
O00502,R0006,2025-05-01 19:00:00,2025-05-01 19:09:00,1.64,2025-05-01 19:04:00,none,0
O00503,R0040,2025-05-02 00:52:00,2025-05-02 01:05:00,4.59,2025-05-02 00:55:00,MDND,0
O00504,R0005,2025-05-01 16:01:00,2025-05-01 16:29:00,4.8,2025-05-01 16:05:00,none,0
O00505,R0012,2025-05-01 13:31:00,2025-05-01 13:47:00,2.59,2025-05-01 13:31:00,none,0
O00506,R0011,2025-05-01 21:39:00,2025-05-01 22:12:00,1.27,2025-05-01 21:43:00,none,0
O00507,R0008,2025-05-01 16:24:00,2025-05-01 16:57:00,3.38,2025-05-01 16:27:00,none,0
O00508,R0029,2025-05-02 07:49:00,2025-05-02 08:05:00,2.69,2025-05-02 07:52:00,missing,0
O00509,R0032,2025-05-02 03:45:00,2025-05-02 04:16:00,3.85,2025-05-02 03:45:00,none,0
O00510,R0021,2025-05-02 05:25:00,2025-05-02 05:51:00,1.64,2025-05-02 05:25:00,none,0
O00511,R0019,2025-05-01 12:21:00,2025-05-01 12:51:00,4.58,2025-05-01 12:23:00,none,0
O00512,R0005,2025-05-01 15:20:00,2025-05-01 15:53:00,2.63,2025-05-01 15:22:00,none,0
O00513,R0020,2025-05-02 05:54:00,2025-05-02 06:18:00,1.43,2025-05-02 05:58:00,none,0
O00514,R0013,2025-05-01 08:48:00,2025-05-01 09:00:00,0.67,2025-05-01 08:51:00,none,0
O00515,R0034,2025-05-01 13:40:00,2025-05-01 13:53:00,4.18,2025-05-01 13:40:00,none,0
O00516,R0040,2025-05-01 22:15:00,2025-05-01 22:40:00,2.05,2025-05-01 22:15:00,none,0
O00517,R0038,2025-05-01 20:58:00,2025-05-01 21:21:00,2.53,2025-05-01 21:02:00,none,0
O00518,R0042,2025-05-01 08:18:00,2025-05-01 08:34:00,4.47,2025-05-01 08:22:00,none,0
O00519,R0037,2025-05-02 05:31:00,2025-05-02 06:08:00,4.21,2025-05-02 05:34:00,none,0
O00520,R0004,2025-05-01 16:39:00,2025-05-01 17:08:00,3.36,2025-05-01 16:43:00,none,0
O00521,R0030,2025-05-01 22:09:00,2025-05-01 22:31:00,1.02,2025-05-01 22:09:00,none,0
O00522,R0022,2025-05-01 17:53:00,2025-05-01 18:16:00,3.18,2025-05-01 17:56:00,MDND,0
O00523,R0016,2025-05-01 13:31:00,2025-05-01 13:50:00,3.87,2025-05-01 13:32:00,none,0
O00524,R0050,2025-05-01 09:44:00,2025-05-01 09:58:00,2.13,2025-05-01 09:46:00,none,0
O00525,R0048,2025-05-01 23:09:00,2025-05-01 23:31:00,1.12,2025-05-01 23:09:00,none,0
O00526,R0041,2025-05-01 20:50:00,2025-05-01 21:14:00,3.37,2025-05-01 20:54:00,MDND,0
O00527,R0044,2025-05-01 14:26:00,2025-05-01 14:46:00,4.96,2025-05-01 14:27:00,none,0
O00528,R0050,2025-05-01 12:27:00,2025-05-01 13:06:00,2.52,2025-05-01 12:31:00,none,0
O00529,R0003,2025-05-02 07:00:00,2025-05-02 07:25:00,4.14,2025-05-02 07:00:00,none,0
O00530,R0041,2025-05-02 05:57:00,2025-05-02 06:29:00,2.24,2025-05-02 05:59:00,none,0
O00531,R0030,2025-05-01 18:10:00,2025-05-01 18:23:00,1.88,2025-05-01 18:11:00,none,0
O00532,R0048,2025-05-02 07:07:00,2025-05-02 07:45:00,2.23,2025-05-02 07:09:00,MDND,0
O00533,R0049,2025-05-01 22:06:00,2025-05-01 22:33:00,1.93,2025-05-01 22:07:00,none,0
O00534,R0008,2025-05-02 03:01:00,2025-05-02 03:38:00,2.87,2025-05-02 03:02:00,none,0
O00535,R0044,2025-05-01 23:32:00,2025-05-01 23:43:00,1.14,2025-05-01 23:32:00,none,0
O00536,R0043,2025-05-02 03:31:00,2025-05-02 03:54:00,0.61,2025-05-02 03:34:00,none,0
O00537,R0030,2025-05-02 00:46:00,2025-05-02 01:21:00,4.06,2025-05-02 00:48:00,none,0
O00538,R0012,2025-05-01 17:35:00,2025-05-01 17:44:00,2.89,2025-05-01 17:38:00,none,0
O00539,R0030,2025-05-01 21:52:00,2025-05-01 22:27:00,3.6,2025-05-01 21:56:00,missing,0
O00540,R0011,2025-05-01 23:25:00,2025-05-01 23:53:00,2.77,2025-05-01 23:27:00,none,0
O00541,R0008,2025-05-02 03:38:00,2025-05-02 04:09:00,1.22,2025-05-02 03:39:00,none,0
O00542,R0038,2025-05-01 10:04:00,2025-05-01 10:23:00,2.7,2025-05-01 10:05:00,MDND,0
O00543,R0015,2025-05-01 10:04:00,2025-05-01 10:43:00,4.5,2025-05-01 10:07:00,damaged,0
O00544,R0035,2025-05-01 11:20:00,2025-05-01 11:53:00,1.8,2025-05-01 11:23:00,none,0
O00545,R0049,2025-05-02 00:47:00,2025-05-02 01:13:00,2.94,2025-05-02 00:51:00,none,0
O00546,R0027,2025-05-01 19:13:00,2025-05-01 19:39:00,1.61,2025-05-01 19:15:00,none,0
O00547,R0021,2025-05-02 06:57:00,2025-05-02 07:33:00,3.69,2025-05-02 06:58:00,none,0
O00548,R0020,2025-05-01 23:41:00,2025-05-02 00:06:00,4.85,2025-05-01 23:44:00,none,0
O00549,R0026,2025-05-02 05:43:00,2025-05-02 06:22:00,1.18,2025-05-02 05:44:00,none,0
O00550,R0016,2025-05-01 15:14:00,2025-05-01 15:35:00,3.81,2025-05-01 15:15:00,none,0
O00551,R0035,2025-05-01 20:41:00,2025-05-01 21:04:00,1.41,2025-05-01 20:45:00,none,0
O00552,R0010,2025-05-01 16:36:00,2025-05-01 16:57:00,3.7,2025-05-01 16:38:00,none,0
O00553,R0008,2025-05-02 02:34:00,2025-05-02 03:12:00,3.75,2025-05-02 02:38:00,none,0
O00554,R0047,2025-05-01 12:05:00,2025-05-01 12:30:00,3.86,2025-05-01 12:08:00,none,0
O00555,R0017,2025-05-02 04:07:00,2025-05-02 04:31:00,2.6,2025-05-02 04:08:00,missing,0
O00556,R0032,2025-05-01 22:42:00,2025-05-01 23:05:00,2.81,2025-05-01 22:45:00,none,0
O00557,R0028,2025-05-01 22:23:00,2025-05-01 22:33:00,3.15,2025-05-01 22:24:00,none,0
O00558,R0004,2025-05-02 04:39:00,2025-05-02 05:06:00,2.24,2025-05-02 04:41:00,MDND,0
O00559,R0010,2025-05-01 16:18:00,2025-05-01 16:39:00,4.4,2025-05-01 16:20:00,none,0
O00560,R0029,2025-05-01 20:51:00,2025-05-01 21:02:00,4.8,2025-05-01 20:51:00,none,0
O00561,R0008,2025-05-01 23:40:00,2025-05-02 00:01:00,3.38,2025-05-01 23:40:00,MDND,0
O00562,R0013,2025-05-01 10:26:00,2025-05-01 10:33:00,2.52,2025-05-01 10:30:00,missing,0
O00563,R0015,2025-05-01 12:46:00,2025-05-01 13:06:00,3.93,2025-05-01 12:50:00,none,0
O00564,R0026,2025-05-01 23:05:00,2025-05-01 23:30:00,2.11,2025-05-01 23:06:00,none,0
O00565,R0015,2025-05-01 19:35:00,2025-05-01 20:09:00,4.81,2025-05-01 19:37:00,damaged,0
O00566,R0004,2025-05-01 12:23:00,2025-05-01 12:53:00,4.23,2025-05-01 12:25:00,none,0
O00567,R0049,2025-05-01 08:24:00,2025-05-01 08:29:00,0.81,2025-05-01 08:28:00,none,0
O00568,R0043,2025-05-01 11:07:00,2025-05-01 11:20:00,3.95,2025-05-01 11:10:00,none,0
O00569,R0007,2025-05-01 19:42:00,2025-05-01 20:09:00,2.69,2025-05-01 19:45:00,none,0
O00570,R0001,2025-05-02 07:01:00,2025-05-02 07:16:00,2.07,2025-05-02 07:03:00,none,0
O00571,R0038,2025-05-02 05:53:00,2025-05-02 06:16:00,2.85,2025-05-02 05:54:00,none,0
O00572,R0029,2025-05-01 14:14:00,2025-05-01 14:52:00,4.08,2025-05-01 14:17:00,none,0
O00573,R0036,2025-05-02 01:16:00,2025-05-02 01:51:00,1.55,2025-05-02 01:18:00,none,0
O00574,R0043,2025-05-02 00:13:00,2025-05-02 00:44:00,0.6,2025-05-02 00:17:00,none,0
O00575,R0045,2025-05-01 23:12:00,2025-05-01 23:46:00,4.91,2025-05-01 23:16:00,none,0
O00576,R0020,2025-05-02 06:16:00,2025-05-02 06:45:00,1.05,2025-05-02 06:16:00,none,0
O00577,R0017,2025-05-01 17:03:00,2025-05-01 17:17:00,3.14,2025-05-01 17:06:00,none,0
O00578,R0011,2025-05-02 01:17:00,2025-05-02 01:49:00,1.56,2025-05-02 01:21:00,none,0
O00579,R0038,2025-05-02 01:25:00,2025-05-02 01:59:00,2.84,2025-05-02 01:29:00,MDND,0
O00580,R0031,2025-05-01 20:55:00,2025-05-01 21:17:00,2.31,2025-05-01 20:56:00,none,0
O00581,R0010,2025-05-01 13:53:00,2025-05-01 14:08:00,1.72,2025-05-01 13:53:00,none,0
O00582,R0031,2025-05-02 00:30:00,2025-05-02 01:03:00,0.71,2025-05-02 00:30:00,none,0
O00583,R0044,2025-05-01 21:37:00,2025-05-01 21:49:00,0.52,2025-05-01 21:41:00,missing,0
O00584,R0023,2025-05-02 03:40:00,2025-05-02 04:12:00,0.96,2025-05-02 03:40:00,none,0
O00585,R0025,2025-05-01 10:16:00,2025-05-01 10:47:00,4.4,2025-05-01 10:19:00,none,0
O00586,R0039,2025-05-01 23:10:00,2025-05-01 23:27:00,2.4,2025-05-01 23:13:00,none,0
O00587,R0013,2025-05-01 14:40:00,2025-05-01 15:07:00,2.72,2025-05-01 14:40:00,missing,0
O00588,R0001,2025-05-01 18:31:00,2025-05-01 18:45:00,1.13,2025-05-01 18:35:00,none,0
O00589,R0045,2025-05-02 01:16:00,2025-05-02 01:53:00,1.75,2025-05-02 01:18:00,missing,0
O00590,R0038,2025-05-01 15:10:00,2025-05-01 15:39:00,1.84,2025-05-01 15:14:00,none,0
O00591,R0014,2025-05-02 05:56:00,2025-05-02 06:17:00,2.12,2025-05-02 05:59:00,MDND,0
O00592,R0027,2025-05-02 06:58:00,2025-05-02 07:20:00,3.35,2025-05-02 07:00:00,none,0
O00593,R0020,2025-05-01 22:51:00,2025-05-01 23:02:00,3.95,2025-05-01 22:52:00,none,0
O00594,R0009,2025-05-02 02:43:00,2025-05-02 03:18:00,3.74,2025-05-02 02:43:00,none,0
O00595,R0012,2025-05-01 23:51:00,2025-05-02 00:17:00,1.47,2025-05-01 23:55:00,none,0
O00596,R0047,2025-05-01 10:41:00,2025-05-01 10:54:00,1.11,2025-05-01 10:44:00,none,0
O00597,R0012,2025-05-02 01:31:00,2025-05-02 01:41:00,3.4,2025-05-02 01:35:00,none,0
O00598,R0019,2025-05-01 21:41:00,2025-05-01 21:46:00,4.51,2025-05-01 21:44:00,none,0
O00599,R0050,2025-05-02 06:16:00,2025-05-02 06:30:00,2.95,2025-05-02 06:20:00,none,0
O00600,R0028,2025-05-02 02:45:00,2025-05-02 03:13:00,4.27,2025-05-02 02:45:00,none,0
O00601,R0036,2025-05-02 03:21:00,2025-05-02 04:00:00,2.72,2025-05-02 03:21:00,MDND,0
O00602,R0001,2025-05-01 22:43:00,2025-05-01 23:11:00,3.76,2025-05-01 22:43:00,missing,0
O00603,R0010,2025-05-02 04:11:00,2025-05-02 04:41:00,3.55,2025-05-02 04:14:00,none,0
O00604,R0033,2025-05-01 21:03:00,2025-05-01 21:24:00,2.85,2025-05-01 21:04:00,MDND,0
O00605,R0005,2025-05-01 10:54:00,2025-05-01 11:28:00,2.15,2025-05-01 10:58:00,none,0
O00606,R0035,2025-05-01 19:04:00,2025-05-01 19:41:00,3.83,2025-05-01 19:07:00,none,0
O00607,R0043,2025-05-01 08:11:00,2025-05-01 08:31:00,3.06,2025-05-01 08:15:00,none,0
O00608,R0005,2025-05-02 04:51:00,2025-05-02 05:04:00,2.96,2025-05-02 04:51:00,none,0
O00609,R0024,2025-05-02 01:48:00,2025-05-02 02:14:00,1.19,2025-05-02 01:50:00,none,0
O00610,R0035,2025-05-01 10:36:00,2025-05-01 11:14:00,3.21,2025-05-01 10:40:00,none,0
O00611,R0045,2025-05-01 15:50:00,2025-05-01 16:20:00,3.12,2025-05-01 15:50:00,none,0
O00612,R0038,2025-05-01 18:07:00,2025-05-01 18:31:00,2.95,2025-05-01 18:10:00,none,0
O00613,R0005,2025-05-02 02:33:00,2025-05-02 02:44:00,1.13,2025-05-02 02:34:00,none,0
O00614,R0043,2025-05-01 16:26:00,2025-05-01 16:49:00,1.16,2025-05-01 16:30:00,none,0
O00615,R0045,2025-05-02 02:11:00,2025-05-02 02:46:00,3.53,2025-05-02 02:13:00,none,0
O00616,R0031,2025-05-01 17:23:00,2025-05-01 17:51:00,3.76,2025-05-01 17:23:00,MDND,0
O00617,R0016,2025-05-01 16:08:00,2025-05-01 16:38:00,1.16,2025-05-01 16:12:00,none,0
O00618,R0016,2025-05-01 14:00:00,2025-05-01 14:15:00,0.7,2025-05-01 14:00:00,missing,0
O00619,R0030,2025-05-01 08:14:00,2025-05-01 08:50:00,2.75,2025-05-01 08:18:00,missing,0
O00620,R0020,2025-05-02 07:33:00,2025-05-02 07:59:00,3.92,2025-05-02 07:34:00,none,0
O00621,R0050,2025-05-02 04:46:00,2025-05-02 05:20:00,3.02,2025-05-02 04:50:00,none,0
O00622,R0025,2025-05-01 16:12:00,2025-05-01 16:49:00,1.12,2025-05-01 16:14:00,none,0
O00623,R0013,2025-05-01 22:22:00,2025-05-01 22:54:00,3.47,2025-05-01 22:22:00,none,0
O00624,R0025,2025-05-02 05:15:00,2025-05-02 05:45:00,2.85,2025-05-02 05:18:00,none,0
O00625,R0043,2025-05-01 12:33:00,2025-05-01 12:56:00,1.29,2025-05-01 12:34:00,damaged,0
O00626,R0010,2025-05-02 05:23:00,2025-05-02 05:56:00,4.59,2025-05-02 05:24:00,none,0
O00627,R0043,2025-05-01 12:04:00,2025-05-01 12:24:00,4.9,2025-05-01 12:08:00,MDND,0
O00628,R0020,2025-05-01 15:57:00,2025-05-01 16:33:00,1.89,2025-05-01 15:57:00,none,0
O00629,R0001,2025-05-01 17:52:00,2025-05-01 18:16:00,3.04,2025-05-01 17:56:00,none,0
O00630,R0015,2025-05-01 10:16:00,2025-05-01 10:30:00,4.03,2025-05-01 10:19:00,MDND,0
O00631,R0010,2025-05-02 05:18:00,2025-05-02 05:43:00,1.5,2025-05-02 05:21:00,none,0
O00632,R0003,2025-05-01 15:35:00,2025-05-01 16:06:00,1.64,2025-05-01 15:37:00,none,0
O00633,R0002,2025-05-02 03:56:00,2025-05-02 04:10:00,4.56,2025-05-02 03:58:00,missing,0
O00634,R0021,2025-05-01 10:08:00,2025-05-01 10:44:00,2.81,2025-05-01 10:08:00,none,0
O00635,R0008,2025-05-01 14:43:00,2025-05-01 15:17:00,4.63,2025-05-01 14:43:00,none,0
O00636,R0028,2025-05-01 19:57:00,2025-05-01 20:18:00,4.04,2025-05-01 20:00:00,none,0
O00637,R0001,2025-05-01 19:32:00,2025-05-01 20:03:00,2.37,2025-05-01 19:32:00,none,0
O00638,R0047,2025-05-02 02:01:00,2025-05-02 02:31:00,4.63,2025-05-02 02:04:00,none,0
O00639,R0034,2025-05-01 13:14:00,2025-05-01 13:29:00,3.88,2025-05-01 13:18:00,none,0
O00640,R0032,2025-05-02 07:44:00,2025-05-02 08:10:00,4.4,2025-05-02 07:48:00,none,0
O00641,R0022,2025-05-01 19:48:00,2025-05-01 20:03:00,3.03,2025-05-01 19:52:00,none,0
O00642,R0002,2025-05-01 12:41:00,2025-05-01 13:04:00,1.15,2025-05-01 12:42:00,MDND,0
O00643,R0007,2025-05-01 14:44:00,2025-05-01 15:02:00,4.01,2025-05-01 14:45:00,MDND,0
O00644,R0035,2025-05-01 20:33:00,2025-05-01 21:06:00,1.65,2025-05-01 20:35:00,none,0
O00645,R0023,2025-05-01 23:23:00,2025-05-01 23:54:00,0.81,2025-05-01 23:25:00,none,0
O00646,R0045,2025-05-01 19:46:00,2025-05-01 20:14:00,4.22,2025-05-01 19:50:00,none,0
O00647,R0019,2025-05-01 16:55:00,2025-05-01 17:03:00,1.18,2025-05-01 16:55:00,none,0
O00648,R0009,2025-05-02 04:04:00,2025-05-02 04:31:00,4.69,2025-05-02 04:08:00,none,0
O00649,R0021,2025-05-01 21:44:00,2025-05-01 21:54:00,0.75,2025-05-01 21:45:00,none,0
O00650,R0007,2025-05-02 02:28:00,2025-05-02 02:52:00,1.54,2025-05-02 02:30:00,none,0
O00651,R0038,2025-05-01 22:03:00,2025-05-01 22:12:00,3.92,2025-05-01 22:04:00,none,0
O00652,R0002,2025-05-01 19:41:00,2025-05-01 20:10:00,1.64,2025-05-01 19:43:00,none,0
O00653,R0019,2025-05-02 07:25:00,2025-05-02 07:45:00,3.89,2025-05-02 07:29:00,none,0
O00654,R0014,2025-05-01 20:32:00,2025-05-01 20:52:00,0.85,2025-05-01 20:33:00,none,0
O00655,R0021,2025-05-01 15:22:00,2025-05-01 16:00:00,4.01,2025-05-01 15:22:00,none,0
O00656,R0040,2025-05-01 08:09:00,2025-05-01 08:35:00,1.69,2025-05-01 08:12:00,missing,0
O00657,R0005,2025-05-02 02:54:00,2025-05-02 03:23:00,1.08,2025-05-02 02:58:00,none,0
O00658,R0012,2025-05-02 04:14:00,2025-05-02 04:43:00,1.27,2025-05-02 04:14:00,missing,0
O00659,R0030,2025-05-02 02:31:00,2025-05-02 02:37:00,3.64,2025-05-02 02:33:00,none,0
O00660,R0024,2025-05-02 00:46:00,2025-05-02 01:13:00,1.06,2025-05-02 00:50:00,MDND,0
O00661,R0049,2025-05-01 20:42:00,2025-05-01 21:15:00,1.14,2025-05-01 20:45:00,missing,0
O00662,R0049,2025-05-02 06:40:00,2025-05-02 06:56:00,3.52,2025-05-02 06:44:00,missing,0
O00663,R0028,2025-05-01 09:04:00,2025-05-01 09:25:00,2.21,2025-05-01 09:07:00,none,0
O00664,R0041,2025-05-02 03:11:00,2025-05-02 03:19:00,2.23,2025-05-02 03:13:00,none,0
O00665,R0047,2025-05-01 16:07:00,2025-05-01 16:25:00,3.67,2025-05-01 16:08:00,none,0
O00666,R0039,2025-05-01 20:07:00,2025-05-01 20:40:00,4.18,2025-05-01 20:07:00,none,0
O00667,R0010,2025-05-02 03:51:00,2025-05-02 04:14:00,2.43,2025-05-02 03:55:00,none,0
O00668,R0008,2025-05-01 14:29:00,2025-05-01 14:46:00,4.83,2025-05-01 14:31:00,missing,0
O00669,R0019,2025-05-01 22:50:00,2025-05-01 23:04:00,4.14,2025-05-01 22:53:00,none,0
O00670,R0024,2025-05-02 07:19:00,2025-05-02 07:45:00,3.53,2025-05-02 07:23:00,none,0
O00671,R0002,2025-05-02 04:29:00,2025-05-02 04:36:00,4.33,2025-05-02 04:31:00,none,0
O00672,R0028,2025-05-01 16:19:00,2025-05-01 16:39:00,1.23,2025-05-01 16:19:00,none,0
O00673,R0050,2025-05-02 03:09:00,2025-05-02 03:24:00,1.36,2025-05-02 03:12:00,none,0
O00674,R0030,2025-05-02 02:40:00,2025-05-02 02:49:00,3.8,2025-05-02 02:44:00,none,0
O00675,R0038,2025-05-02 02:02:00,2025-05-02 02:39:00,1.79,2025-05-02 02:02:00,none,0
O00676,R0036,2025-05-01 11:16:00,2025-05-01 11:22:00,1.42,2025-05-01 11:19:00,damaged,0
O00677,R0037,2025-05-02 02:27:00,2025-05-02 02:38:00,3.35,2025-05-02 02:29:00,none,0
O00678,R0034,2025-05-01 20:39:00,2025-05-01 21:03:00,1.75,2025-05-01 20:40:00,missing,0
O00679,R0043,2025-05-01 14:00:00,2025-05-01 14:12:00,0.8,2025-05-01 14:04:00,missing,0
O00680,R0004,2025-05-01 13:21:00,2025-05-01 13:31:00,2.97,2025-05-01 13:24:00,none,0
O00681,R0050,2025-05-02 02:25:00,2025-05-02 02:55:00,3.12,2025-05-02 02:25:00,none,0
O00682,R0029,2025-05-02 04:27:00,2025-05-02 04:38:00,1.69,2025-05-02 04:28:00,none,0
O00683,R0032,2025-05-01 11:27:00,2025-05-01 11:33:00,1.79,2025-05-01 11:28:00,none,0
O00684,R0011,2025-05-01 10:33:00,2025-05-01 11:04:00,0.84,2025-05-01 10:36:00,none,0
O00685,R0007,2025-05-01 23:49:00,2025-05-02 00:13:00,3.2,2025-05-01 23:52:00,none,0
O00686,R0041,2025-05-02 07:57:00,2025-05-02 08:35:00,3.67,2025-05-02 07:59:00,none,0
O00687,R0046,2025-05-01 16:00:00,2025-05-01 16:36:00,3.25,2025-05-01 16:00:00,none,0
O00688,R0011,2025-05-02 02:02:00,2025-05-02 02:08:00,4.4,2025-05-02 02:02:00,none,0
O00689,R0035,2025-05-01 12:25:00,2025-05-01 12:44:00,1.46,2025-05-01 12:27:00,MDND,0
O00690,R0043,2025-05-01 22:50:00,2025-05-01 23:16:00,3.31,2025-05-01 22:50:00,none,0
O00691,R0050,2025-05-01 22:40:00,2025-05-01 22:48:00,4.71,2025-05-01 22:40:00,none,0
O00692,R0002,2025-05-02 02:16:00,2025-05-02 02:52:00,3.53,2025-05-02 02:16:00,none,0
O00693,R0011,2025-05-01 08:53:00,2025-05-01 09:32:00,4.51,2025-05-01 08:57:00,MDND,0
O00694,R0033,2025-05-01 14:06:00,2025-05-01 14:25:00,4.18,2025-05-01 14:08:00,none,0
O00695,R0036,2025-05-01 23:14:00,2025-05-01 23:46:00,3.26,2025-05-01 23:14:00,none,0
O00696,R0019,2025-05-01 11:31:00,2025-05-01 11:58:00,0.73,2025-05-01 11:34:00,none,0
O00697,R0010,2025-05-01 20:16:00,2025-05-01 20:25:00,0.85,2025-05-01 20:17:00,none,0
O00698,R0030,2025-05-01 09:00:00,2025-05-01 09:07:00,1.47,2025-05-01 09:00:00,none,0
O00699,R0036,2025-05-01 13:37:00,2025-05-01 14:11:00,4.78,2025-05-01 13:38:00,MDND,0
O00700,R0046,2025-05-01 18:38:00,2025-05-01 19:01:00,2.72,2025-05-01 18:42:00,none,0
O00701,R0026,2025-05-01 14:26:00,2025-05-01 14:40:00,2.81,2025-05-01 14:28:00,none,0
O00702,R0018,2025-05-01 19:30:00,2025-05-01 19:51:00,4.64,2025-05-01 19:32:00,none,0
O00703,R0049,2025-05-02 07:12:00,2025-05-02 07:44:00,4.62,2025-05-02 07:16:00,none,0
O00704,R0001,2025-05-01 17:27:00,2025-05-01 17:52:00,2.35,2025-05-01 17:28:00,none,0
O00705,R0017,2025-05-02 04:11:00,2025-05-02 04:30:00,0.79,2025-05-02 04:12:00,none,0
O00706,R0029,2025-05-01 16:31:00,2025-05-01 16:46:00,3.19,2025-05-01 16:35:00,none,0
O00707,R0043,2025-05-01 12:15:00,2025-05-01 12:26:00,0.75,2025-05-01 12:18:00,none,0
O00708,R0019,2025-05-02 03:12:00,2025-05-02 03:19:00,2.34,2025-05-02 03:13:00,none,0
O00709,R0021,2025-05-02 01:41:00,2025-05-02 02:06:00,1.22,2025-05-02 01:45:00,none,0
O00710,R0007,2025-05-01 22:19:00,2025-05-01 22:44:00,3.86,2025-05-01 22:21:00,none,0
O00711,R0018,2025-05-01 21:22:00,2025-05-01 21:30:00,1.8,2025-05-01 21:25:00,MDND,1
O00712,R0044,2025-05-01 12:42:00,2025-05-01 13:09:00,1.65,2025-05-01 12:46:00,none,0
O00713,R0036,2025-05-01 08:51:00,2025-05-01 09:19:00,4.05,2025-05-01 08:55:00,none,0
O00714,R0008,2025-05-02 04:00:00,2025-05-02 04:20:00,4.44,2025-05-02 04:04:00,MDND,0
O00715,R0003,2025-05-02 01:09:00,2025-05-02 01:48:00,2.07,2025-05-02 01:09:00,MDND,0
O00716,R0004,2025-05-01 09:26:00,2025-05-01 09:47:00,2.05,2025-05-01 09:28:00,none,0
O00717,R0012,2025-05-01 22:54:00,2025-05-01 23:20:00,1.83,2025-05-01 22:58:00,none,0
O00718,R0026,2025-05-01 19:11:00,2025-05-01 19:38:00,2.43,2025-05-01 19:15:00,none,0
O00719,R0037,2025-05-01 18:45:00,2025-05-01 19:07:00,1.84,2025-05-01 18:45:00,none,0
O00720,R0021,2025-05-01 18:37:00,2025-05-01 19:13:00,4.51,2025-05-01 18:38:00,none,0
O00721,R0002,2025-05-02 00:59:00,2025-05-02 01:37:00,2.84,2025-05-02 01:02:00,none,0
O00722,R0008,2025-05-01 12:06:00,2025-05-01 12:29:00,2.01,2025-05-01 12:09:00,none,0
O00723,R0006,2025-05-01 14:02:00,2025-05-01 14:15:00,2.37,2025-05-01 14:02:00,none,0
O00724,R0012,2025-05-01 13:29:00,2025-05-01 13:34:00,1.42,2025-05-01 13:30:00,none,0
O00725,R0041,2025-05-01 20:37:00,2025-05-01 20:42:00,3.34,2025-05-01 20:41:00,none,0
O00726,R0015,2025-05-01 12:04:00,2025-05-01 12:37:00,2.48,2025-05-01 12:05:00,none,0
O00727,R0040,2025-05-02 05:32:00,2025-05-02 05:41:00,3.94,2025-05-02 05:34:00,none,0
O00728,R0039,2025-05-01 21:36:00,2025-05-01 21:41:00,0.58,2025-05-01 21:36:00,MDND,1
O00729,R0024,2025-05-01 12:10:00,2025-05-01 12:17:00,3.02,2025-05-01 12:14:00,none,0
O00730,R0018,2025-05-01 21:13:00,2025-05-01 21:33:00,0.54,2025-05-01 21:16:00,none,0
O00731,R0008,2025-05-02 02:36:00,2025-05-02 03:02:00,4.29,2025-05-02 02:38:00,none,0
O00732,R0041,2025-05-01 18:29:00,2025-05-01 18:40:00,2.53,2025-05-01 18:31:00,none,0
O00733,R0005,2025-05-01 15:08:00,2025-05-01 15:27:00,2.6,2025-05-01 15:12:00,none,0
O00734,R0013,2025-05-01 08:56:00,2025-05-01 09:18:00,4.56,2025-05-01 08:57:00,none,0
O00735,R0035,2025-05-01 16:53:00,2025-05-01 17:03:00,2.25,2025-05-01 16:53:00,none,0
O00736,R0037,2025-05-02 06:38:00,2025-05-02 07:10:00,2.96,2025-05-02 06:38:00,none,0
O00737,R0039,2025-05-01 21:53:00,2025-05-01 22:10:00,4.12,2025-05-01 21:56:00,damaged,0
O00738,R0016,2025-05-01 18:34:00,2025-05-01 19:07:00,2.51,2025-05-01 18:36:00,none,0
O00739,R0038,2025-05-01 08:39:00,2025-05-01 08:47:00,2.59,2025-05-01 08:42:00,none,0
O00740,R0039,2025-05-01 18:18:00,2025-05-01 18:54:00,0.54,2025-05-01 18:20:00,none,0
O00741,R0050,2025-05-02 05:19:00,2025-05-02 05:32:00,0.52,2025-05-02 05:22:00,none,0
O00742,R0020,2025-05-01 19:58:00,2025-05-01 20:27:00,3.11,2025-05-01 19:58:00,none,0
O00743,R0042,2025-05-02 07:11:00,2025-05-02 07:47:00,2.83,2025-05-02 07:11:00,none,0
O00744,R0029,2025-05-02 04:34:00,2025-05-02 05:07:00,2.24,2025-05-02 04:37:00,none,0
O00745,R0027,2025-05-01 11:39:00,2025-05-01 11:49:00,3.87,2025-05-01 11:39:00,none,0
O00746,R0027,2025-05-02 00:30:00,2025-05-02 00:37:00,2.45,2025-05-02 00:31:00,MDND,1
O00747,R0035,2025-05-01 23:37:00,2025-05-01 23:53:00,2.63,2025-05-01 23:41:00,none,0
O00748,R0046,2025-05-01 16:47:00,2025-05-01 16:59:00,3.15,2025-05-01 16:47:00,none,0
O00749,R0042,2025-05-01 23:54:00,2025-05-02 00:00:00,2.41,2025-05-01 23:57:00,none,0
O00750,R0036,2025-05-01 14:34:00,2025-05-01 14:53:00,3.01,2025-05-01 14:35:00,none,0
O00751,R0030,2025-05-01 14:35:00,2025-05-01 15:05:00,2.53,2025-05-01 14:35:00,none,0
O00752,R0045,2025-05-01 16:24:00,2025-05-01 16:31:00,4.73,2025-05-01 16:28:00,none,0
O00753,R0022,2025-05-01 19:24:00,2025-05-01 20:00:00,1.36,2025-05-01 19:25:00,none,0
O00754,R0022,2025-05-01 23:22:00,2025-05-01 23:33:00,1.69,2025-05-01 23:26:00,none,0
O00755,R0031,2025-05-01 14:27:00,2025-05-01 15:03:00,3.92,2025-05-01 14:30:00,none,0
O00756,R0021,2025-05-01 13:39:00,2025-05-01 13:55:00,1.18,2025-05-01 13:39:00,none,0
O00757,R0013,2025-05-01 16:53:00,2025-05-01 17:03:00,2.37,2025-05-01 16:55:00,none,0
O00758,R0034,2025-05-01 21:47:00,2025-05-01 21:57:00,2.43,2025-05-01 21:49:00,none,0
O00759,R0041,2025-05-01 15:34:00,2025-05-01 15:51:00,4.21,2025-05-01 15:35:00,none,0
O00760,R0032,2025-05-02 04:05:00,2025-05-02 04:36:00,5.0,2025-05-02 04:07:00,missing,0
O00761,R0045,2025-05-02 02:34:00,2025-05-02 03:10:00,3.53,2025-05-02 02:36:00,damaged,0
O00762,R0043,2025-05-01 13:50:00,2025-05-01 14:09:00,1.87,2025-05-01 13:54:00,none,0
O00763,R0017,2025-05-02 00:51:00,2025-05-02 01:06:00,2.12,2025-05-02 00:53:00,none,0
O00764,R0046,2025-05-01 16:27:00,2025-05-01 17:06:00,0.57,2025-05-01 16:28:00,none,0
O00765,R0050,2025-05-02 06:59:00,2025-05-02 07:35:00,1.1,2025-05-02 07:01:00,none,0
O00766,R0002,2025-05-01 16:34:00,2025-05-01 16:54:00,2.37,2025-05-01 16:38:00,none,0
O00767,R0019,2025-05-01 16:56:00,2025-05-01 17:04:00,4.96,2025-05-01 16:58:00,none,0
O00768,R0015,2025-05-01 09:13:00,2025-05-01 09:42:00,1.53,2025-05-01 09:15:00,MDND,0
O00769,R0037,2025-05-01 18:50:00,2025-05-01 19:28:00,2.04,2025-05-01 18:54:00,none,0
O00770,R0019,2025-05-01 23:00:00,2025-05-01 23:25:00,4.92,2025-05-01 23:03:00,MDND,0
O00771,R0014,2025-05-01 10:49:00,2025-05-01 11:13:00,4.73,2025-05-01 10:51:00,missing,0
O00772,R0040,2025-05-01 11:08:00,2025-05-01 11:30:00,2.13,2025-05-01 11:09:00,none,0
O00773,R0005,2025-05-02 02:18:00,2025-05-02 02:43:00,3.34,2025-05-02 02:18:00,none,0
O00774,R0015,2025-05-01 22:16:00,2025-05-01 22:30:00,3.0,2025-05-01 22:16:00,none,0
O00775,R0012,2025-05-02 05:23:00,2025-05-02 05:28:00,1.31,2025-05-02 05:26:00,none,0
O00776,R0048,2025-05-01 23:42:00,2025-05-02 00:03:00,4.27,2025-05-01 23:43:00,none,0
O00777,R0032,2025-05-02 02:55:00,2025-05-02 03:32:00,3.24,2025-05-02 02:57:00,none,0
O00778,R0016,2025-05-02 05:59:00,2025-05-02 06:23:00,4.82,2025-05-02 06:01:00,none,0
O00779,R0023,2025-05-01 09:29:00,2025-05-01 10:03:00,4.47,2025-05-01 09:30:00,none,0
O00780,R0032,2025-05-01 20:21:00,2025-05-01 20:27:00,4.65,2025-05-01 20:22:00,none,0
O00781,R0007,2025-05-01 22:35:00,2025-05-01 23:01:00,3.66,2025-05-01 22:39:00,none,0
O00782,R0018,2025-05-01 23:25:00,2025-05-01 23:46:00,3.23,2025-05-01 23:28:00,none,0
O00783,R0025,2025-05-01 23:41:00,2025-05-01 23:52:00,2.76,2025-05-01 23:43:00,MDND,0
O00784,R0030,2025-05-01 23:43:00,2025-05-02 00:14:00,3.82,2025-05-01 23:43:00,damaged,0
O00785,R0016,2025-05-01 11:31:00,2025-05-01 11:52:00,3.3,2025-05-01 11:31:00,none,0
O00786,R0031,2025-05-01 18:06:00,2025-05-01 18:40:00,1.08,2025-05-01 18:09:00,none,0
O00787,R0003,2025-05-02 05:31:00,2025-05-02 05:52:00,4.34,2025-05-02 05:35:00,none,0
O00788,R0023,2025-05-02 02:41:00,2025-05-02 02:52:00,1.45,2025-05-02 02:42:00,none,0
O00789,R0002,2025-05-01 08:49:00,2025-05-01 09:17:00,0.95,2025-05-01 08:52:00,none,0
O00790,R0030,2025-05-02 02:27:00,2025-05-02 02:34:00,4.93,2025-05-02 02:27:00,missing,0
O00791,R0022,2025-05-02 05:59:00,2025-05-02 06:26:00,4.09,2025-05-02 06:03:00,none,0
O00792,R0049,2025-05-02 02:03:00,2025-05-02 02:17:00,1.65,2025-05-02 02:03:00,none,0
O00793,R0050,2025-05-02 01:16:00,2025-05-02 01:52:00,4.89,2025-05-02 01:17:00,none,0
O00794,R0010,2025-05-02 04:46:00,2025-05-02 05:08:00,2.04,2025-05-02 04:47:00,none,0
O00795,R0012,2025-05-01 08:10:00,2025-05-01 08:42:00,3.28,2025-05-01 08:14:00,none,0
O00796,R0022,2025-05-02 05:29:00,2025-05-02 05:57:00,3.31,2025-05-02 05:32:00,none,0
O00797,R0015,2025-05-02 03:28:00,2025-05-02 03:33:00,2.57,2025-05-02 03:29:00,none,0
O00798,R0028,2025-05-01 09:45:00,2025-05-01 10:23:00,2.56,2025-05-01 09:49:00,none,0
O00799,R0020,2025-05-01 16:49:00,2025-05-01 17:05:00,4.0,2025-05-01 16:50:00,none,0
O00800,R0026,2025-05-01 21:50:00,2025-05-01 22:07:00,4.95,2025-05-01 21:50:00,missing,0
O00801,R0028,2025-05-02 04:41:00,2025-05-02 05:12:00,2.85,2025-05-02 04:45:00,none,0
O00802,R0049,2025-05-01 15:26:00,2025-05-01 15:42:00,2.67,2025-05-01 15:28:00,none,0
O00803,R0046,2025-05-01 20:40:00,2025-05-01 21:19:00,4.1,2025-05-01 20:43:00,none,0
O00804,R0025,2025-05-01 11:43:00,2025-05-01 12:00:00,4.5,2025-05-01 11:43:00,none,0
O00805,R0023,2025-05-02 00:18:00,2025-05-02 00:35:00,3.11,2025-05-02 00:19:00,MDND,0
O00806,R0021,2025-05-01 13:09:00,2025-05-01 13:17:00,4.87,2025-05-01 13:09:00,none,0
O00807,R0042,2025-05-02 04:10:00,2025-05-02 04:42:00,1.24,2025-05-02 04:12:00,none,0
O00808,R0050,2025-05-02 05:00:00,2025-05-02 05:38:00,4.56,2025-05-02 05:04:00,none,0
O00809,R0005,2025-05-01 12:06:00,2025-05-01 12:18:00,2.17,2025-05-01 12:08:00,missing,0
O00810,R0001,2025-05-01 19:38:00,2025-05-01 19:54:00,3.01,2025-05-01 19:42:00,none,0
O00811,R0050,2025-05-01 13:07:00,2025-05-01 13:36:00,0.61,2025-05-01 13:11:00,MDND,0
O00812,R0031,2025-05-01 14:22:00,2025-05-01 14:48:00,3.88,2025-05-01 14:26:00,MDND,0
O00813,R0037,2025-05-01 12:35:00,2025-05-01 12:52:00,1.54,2025-05-01 12:38:00,none,0
O00814,R0042,2025-05-01 23:10:00,2025-05-01 23:27:00,0.92,2025-05-01 23:11:00,none,0
O00815,R0015,2025-05-01 09:48:00,2025-05-01 10:15:00,1.81,2025-05-01 09:50:00,none,0
O00816,R0039,2025-05-01 19:38:00,2025-05-01 19:55:00,2.61,2025-05-01 19:38:00,none,0
O00817,R0043,2025-05-02 05:35:00,2025-05-02 05:41:00,3.92,2025-05-02 05:35:00,none,0
O00818,R0018,2025-05-01 08:12:00,2025-05-01 08:48:00,2.19,2025-05-01 08:13:00,none,0
O00819,R0028,2025-05-01 18:05:00,2025-05-01 18:30:00,0.7,2025-05-01 18:05:00,none,0
O00820,R0002,2025-05-01 18:27:00,2025-05-01 18:46:00,4.6,2025-05-01 18:28:00,none,0
O00821,R0023,2025-05-01 17:24:00,2025-05-01 17:51:00,3.32,2025-05-01 17:24:00,MDND,0
O00822,R0010,2025-05-01 18:48:00,2025-05-01 18:53:00,4.08,2025-05-01 18:50:00,none,0
O00823,R0043,2025-05-02 05:28:00,2025-05-02 06:04:00,0.72,2025-05-02 05:28:00,none,0
O00824,R0019,2025-05-02 00:56:00,2025-05-02 01:08:00,1.76,2025-05-02 00:59:00,none,0
O00825,R0046,2025-05-02 04:55:00,2025-05-02 05:10:00,3.06,2025-05-02 04:55:00,none,0
O00826,R0027,2025-05-01 16:25:00,2025-05-01 16:58:00,4.35,2025-05-01 16:26:00,none,0
O00827,R0029,2025-05-01 16:12:00,2025-05-01 16:24:00,3.99,2025-05-01 16:14:00,none,0
O00828,R0031,2025-05-01 22:15:00,2025-05-01 22:40:00,4.83,2025-05-01 22:17:00,none,0
O00829,R0037,2025-05-01 12:32:00,2025-05-01 12:42:00,3.55,2025-05-01 12:35:00,none,0
O00830,R0028,2025-05-02 03:02:00,2025-05-02 03:10:00,2.08,2025-05-02 03:02:00,none,0
O00831,R0031,2025-05-01 08:57:00,2025-05-01 09:14:00,0.55,2025-05-01 08:57:00,none,0
O00832,R0022,2025-05-02 05:10:00,2025-05-02 05:33:00,1.9,2025-05-02 05:12:00,none,0
O00833,R0021,2025-05-01 21:15:00,2025-05-01 21:20:00,0.9,2025-05-01 21:15:00,missing,0
O00834,R0028,2025-05-02 00:07:00,2025-05-02 00:35:00,2.18,2025-05-02 00:10:00,none,0
O00835,R0036,2025-05-01 23:22:00,2025-05-01 23:35:00,1.58,2025-05-01 23:25:00,none,0
O00836,R0034,2025-05-02 07:18:00,2025-05-02 07:36:00,2.52,2025-05-02 07:19:00,none,0
O00837,R0023,2025-05-01 23:19:00,2025-05-01 23:32:00,3.88,2025-05-01 23:20:00,none,0
O00838,R0009,2025-05-01 10:31:00,2025-05-01 10:40:00,1.02,2025-05-01 10:33:00,none,0
O00839,R0005,2025-05-01 12:30:00,2025-05-01 13:09:00,1.46,2025-05-01 12:34:00,none,0
O00840,R0022,2025-05-01 10:41:00,2025-05-01 11:08:00,4.48,2025-05-01 10:44:00,none,0
O00841,R0015,2025-05-02 03:15:00,2025-05-02 03:42:00,1.84,2025-05-02 03:15:00,none,0
O00842,R0029,2025-05-01 19:09:00,2025-05-01 19:16:00,2.04,2025-05-01 19:09:00,MDND,1
O00843,R0035,2025-05-01 18:27:00,2025-05-01 18:53:00,1.28,2025-05-01 18:31:00,none,0
O00844,R0026,2025-05-01 12:53:00,2025-05-01 13:12:00,4.77,2025-05-01 12:56:00,none,0
O00845,R0003,2025-05-02 01:28:00,2025-05-02 01:53:00,3.13,2025-05-02 01:29:00,none,0
O00846,R0041,2025-05-01 18:24:00,2025-05-01 18:51:00,3.46,2025-05-01 18:25:00,none,0
O00847,R0020,2025-05-01 20:18:00,2025-05-01 20:44:00,2.85,2025-05-01 20:20:00,none,0
O00848,R0024,2025-05-01 10:17:00,2025-05-01 10:46:00,4.74,2025-05-01 10:19:00,none,0
O00849,R0049,2025-05-01 08:04:00,2025-05-01 08:37:00,1.52,2025-05-01 08:06:00,none,0
O00850,R0008,2025-05-01 13:59:00,2025-05-01 14:33:00,4.39,2025-05-01 14:02:00,none,0
O00851,R0038,2025-05-01 19:56:00,2025-05-01 20:08:00,1.83,2025-05-01 20:00:00,none,0
O00852,R0038,2025-05-01 20:11:00,2025-05-01 20:45:00,1.67,2025-05-01 20:12:00,none,0
O00853,R0006,2025-05-01 19:13:00,2025-05-01 19:48:00,0.74,2025-05-01 19:16:00,none,0
O00854,R0003,2025-05-01 12:37:00,2025-05-01 12:42:00,1.64,2025-05-01 12:38:00,none,0
O00855,R0027,2025-05-01 14:44:00,2025-05-01 15:03:00,4.19,2025-05-01 14:46:00,none,0
O00856,R0035,2025-05-01 08:07:00,2025-05-01 08:28:00,1.98,2025-05-01 08:08:00,none,0
O00857,R0049,2025-05-01 10:45:00,2025-05-01 11:06:00,2.11,2025-05-01 10:49:00,none,0
O00858,R0002,2025-05-01 14:05:00,2025-05-01 14:23:00,2.21,2025-05-01 14:09:00,none,0
O00859,R0017,2025-05-01 12:28:00,2025-05-01 13:03:00,1.86,2025-05-01 12:30:00,none,0
O00860,R0046,2025-05-02 00:21:00,2025-05-02 00:48:00,2.89,2025-05-02 00:22:00,missing,0
O00861,R0030,2025-05-02 00:25:00,2025-05-02 00:49:00,1.62,2025-05-02 00:27:00,none,0
O00862,R0021,2025-05-01 10:25:00,2025-05-01 10:33:00,3.03,2025-05-01 10:29:00,none,0
O00863,R0046,2025-05-01 17:15:00,2025-05-01 17:34:00,3.26,2025-05-01 17:17:00,none,0
O00864,R0033,2025-05-01 14:58:00,2025-05-01 15:19:00,3.42,2025-05-01 15:01:00,none,0
O00865,R0022,2025-05-01 10:01:00,2025-05-01 10:29:00,3.25,2025-05-01 10:01:00,MDND,0
O00866,R0049,2025-05-02 01:53:00,2025-05-02 01:58:00,2.5,2025-05-02 01:56:00,none,0
O00867,R0015,2025-05-01 21:45:00,2025-05-01 22:03:00,1.75,2025-05-01 21:48:00,none,0
O00868,R0016,2025-05-01 20:11:00,2025-05-01 20:31:00,0.69,2025-05-01 20:15:00,none,0
O00869,R0048,2025-05-01 11:56:00,2025-05-01 12:02:00,3.01,2025-05-01 11:58:00,none,0
O00870,R0026,2025-05-02 00:01:00,2025-05-02 00:13:00,0.73,2025-05-02 00:04:00,MDND,0
O00871,R0004,2025-05-02 00:41:00,2025-05-02 01:01:00,2.31,2025-05-02 00:42:00,none,0
O00872,R0001,2025-05-01 22:41:00,2025-05-01 22:50:00,4.01,2025-05-01 22:44:00,none,0
O00873,R0031,2025-05-02 07:25:00,2025-05-02 07:52:00,4.25,2025-05-02 07:26:00,none,0
O00874,R0018,2025-05-01 18:19:00,2025-05-01 18:27:00,3.96,2025-05-01 18:20:00,none,0
O00875,R0008,2025-05-01 18:07:00,2025-05-01 18:20:00,1.89,2025-05-01 18:10:00,none,0
O00876,R0009,2025-05-01 14:15:00,2025-05-01 14:22:00,4.23,2025-05-01 14:17:00,missing,0
O00877,R0043,2025-05-02 07:31:00,2025-05-02 07:39:00,1.55,2025-05-02 07:33:00,none,0
O00878,R0001,2025-05-01 20:05:00,2025-05-01 20:15:00,2.48,2025-05-01 20:05:00,none,0
O00879,R0004,2025-05-01 20:38:00,2025-05-01 20:53:00,2.54,2025-05-01 20:39:00,none,0
O00880,R0050,2025-05-02 06:19:00,2025-05-02 06:35:00,3.47,2025-05-02 06:19:00,none,0
O00881,R0004,2025-05-01 12:10:00,2025-05-01 12:23:00,1.32,2025-05-01 12:12:00,MDND,0
O00882,R0029,2025-05-02 02:12:00,2025-05-02 02:39:00,2.38,2025-05-02 02:15:00,none,0
O00883,R0033,2025-05-02 05:11:00,2025-05-02 05:40:00,4.09,2025-05-02 05:12:00,none,0
O00884,R0041,2025-05-02 06:17:00,2025-05-02 06:51:00,0.95,2025-05-02 06:17:00,none,0
O00885,R0050,2025-05-02 06:58:00,2025-05-02 07:36:00,0.85,2025-05-02 07:00:00,none,0
O00886,R0047,2025-05-01 14:44:00,2025-05-01 15:10:00,4.89,2025-05-01 14:44:00,none,0
O00887,R0040,2025-05-01 12:17:00,2025-05-01 12:33:00,0.66,2025-05-01 12:18:00,none,0
O00888,R0006,2025-05-02 06:34:00,2025-05-02 06:54:00,3.08,2025-05-02 06:35:00,MDND,0
O00889,R0027,2025-05-01 11:06:00,2025-05-01 11:36:00,4.76,2025-05-01 11:06:00,none,0
O00890,R0029,2025-05-01 15:10:00,2025-05-01 15:26:00,2.14,2025-05-01 15:13:00,missing,0
O00891,R0026,2025-05-01 18:41:00,2025-05-01 19:11:00,1.74,2025-05-01 18:43:00,none,0
O00892,R0030,2025-05-01 09:11:00,2025-05-01 09:22:00,1.09,2025-05-01 09:14:00,none,0
O00893,R0040,2025-05-01 08:16:00,2025-05-01 08:37:00,1.52,2025-05-01 08:20:00,none,0
O00894,R0003,2025-05-01 09:29:00,2025-05-01 09:49:00,1.37,2025-05-01 09:33:00,none,0
O00895,R0018,2025-05-01 23:25:00,2025-05-01 23:52:00,1.45,2025-05-01 23:26:00,none,0
O00896,R0026,2025-05-02 04:03:00,2025-05-02 04:36:00,2.0,2025-05-02 04:06:00,none,0
O00897,R0007,2025-05-01 15:40:00,2025-05-01 16:05:00,4.12,2025-05-01 15:42:00,MDND,0
O00898,R0003,2025-05-01 12:44:00,2025-05-01 13:08:00,3.8,2025-05-01 12:47:00,none,0
O00899,R0050,2025-05-01 11:43:00,2025-05-01 12:03:00,1.27,2025-05-01 11:46:00,none,0
O00900,R0033,2025-05-01 15:50:00,2025-05-01 16:28:00,1.37,2025-05-01 15:54:00,none,0
O00901,R0016,2025-05-01 19:31:00,2025-05-01 19:44:00,1.53,2025-05-01 19:33:00,none,0
O00902,R0003,2025-05-02 02:59:00,2025-05-02 03:18:00,4.22,2025-05-02 02:59:00,none,0
O00903,R0033,2025-05-02 01:53:00,2025-05-02 02:15:00,0.7,2025-05-02 01:55:00,none,0
O00904,R0013,2025-05-02 00:28:00,2025-05-02 01:06:00,0.64,2025-05-02 00:28:00,none,0
O00905,R0043,2025-05-01 10:14:00,2025-05-01 10:22:00,4.9,2025-05-01 10:16:00,none,0
O00906,R0004,2025-05-02 04:12:00,2025-05-02 04:47:00,1.8,2025-05-02 04:16:00,none,0
O00907,R0036,2025-05-01 11:06:00,2025-05-01 11:20:00,2.42,2025-05-01 11:09:00,none,0
O00908,R0049,2025-05-01 10:23:00,2025-05-01 10:43:00,1.41,2025-05-01 10:27:00,none,0
O00909,R0013,2025-05-02 02:31:00,2025-05-02 02:36:00,1.08,2025-05-02 02:35:00,none,0
O00910,R0025,2025-05-02 07:53:00,2025-05-02 08:09:00,0.68,2025-05-02 07:53:00,none,0
O00911,R0032,2025-05-02 00:31:00,2025-05-02 00:36:00,3.43,2025-05-02 00:35:00,none,0
O00912,R0038,2025-05-02 07:29:00,2025-05-02 07:57:00,2.8,2025-05-02 07:31:00,none,0
O00913,R0036,2025-05-02 05:59:00,2025-05-02 06:14:00,4.31,2025-05-02 06:02:00,none,0
O00914,R0042,2025-05-01 21:14:00,2025-05-01 21:20:00,3.95,2025-05-01 21:15:00,none,0
O00915,R0041,2025-05-01 08:29:00,2025-05-01 08:53:00,1.74,2025-05-01 08:29:00,none,0
O00916,R0006,2025-05-01 20:57:00,2025-05-01 21:34:00,3.31,2025-05-01 20:57:00,none,0
O00917,R0042,2025-05-01 13:02:00,2025-05-01 13:22:00,1.46,2025-05-01 13:02:00,none,0
O00918,R0038,2025-05-01 14:02:00,2025-05-01 14:33:00,3.8,2025-05-01 14:03:00,none,0
O00919,R0014,2025-05-02 06:25:00,2025-05-02 06:41:00,1.99,2025-05-02 06:28:00,none,0
O00920,R0001,2025-05-01 16:41:00,2025-05-01 17:17:00,4.13,2025-05-01 16:44:00,none,0
O00921,R0045,2025-05-01 17:37:00,2025-05-01 17:42:00,3.53,2025-05-01 17:40:00,none,0
O00922,R0047,2025-05-01 23:22:00,2025-05-01 23:28:00,3.49,2025-05-01 23:23:00,none,0
O00923,R0008,2025-05-01 16:43:00,2025-05-01 17:15:00,1.25,2025-05-01 16:47:00,none,0
O00924,R0039,2025-05-01 22:05:00,2025-05-01 22:27:00,1.07,2025-05-01 22:06:00,MDND,0
O00925,R0013,2025-05-01 13:31:00,2025-05-01 13:57:00,1.14,2025-05-01 13:34:00,damaged,0
O00926,R0017,2025-05-02 01:25:00,2025-05-02 01:43:00,4.03,2025-05-02 01:29:00,MDND,0
O00927,R0015,2025-05-01 20:08:00,2025-05-01 20:44:00,3.54,2025-05-01 20:11:00,none,0
O00928,R0016,2025-05-01 12:53:00,2025-05-01 13:00:00,1.64,2025-05-01 12:57:00,none,0
O00929,R0044,2025-05-01 19:38:00,2025-05-01 19:47:00,3.48,2025-05-01 19:40:00,none,0
O00930,R0004,2025-05-01 19:49:00,2025-05-01 20:05:00,1.96,2025-05-01 19:53:00,none,0
O00931,R0012,2025-05-01 13:16:00,2025-05-01 13:27:00,1.07,2025-05-01 13:19:00,MDND,0
O00932,R0026,2025-05-02 06:13:00,2025-05-02 06:51:00,1.93,2025-05-02 06:15:00,none,0
O00933,R0030,2025-05-01 18:15:00,2025-05-01 18:33:00,1.03,2025-05-01 18:15:00,none,0
O00934,R0033,2025-05-02 06:58:00,2025-05-02 07:19:00,2.99,2025-05-02 07:02:00,missing,0
O00935,R0001,2025-05-01 12:50:00,2025-05-01 12:59:00,2.82,2025-05-01 12:50:00,none,0
O00936,R0048,2025-05-01 21:56:00,2025-05-01 22:27:00,1.58,2025-05-01 21:56:00,none,0
O00937,R0005,2025-05-01 18:07:00,2025-05-01 18:22:00,4.23,2025-05-01 18:09:00,none,0
O00938,R0010,2025-05-01 16:47:00,2025-05-01 17:26:00,4.51,2025-05-01 16:49:00,none,0
O00939,R0035,2025-05-01 08:57:00,2025-05-01 09:02:00,2.31,2025-05-01 09:01:00,MDND,1
O00940,R0048,2025-05-01 08:07:00,2025-05-01 08:40:00,3.63,2025-05-01 08:07:00,none,0
O00941,R0023,2025-05-01 19:48:00,2025-05-01 20:19:00,1.04,2025-05-01 19:51:00,none,0
O00942,R0001,2025-05-02 02:16:00,2025-05-02 02:24:00,2.42,2025-05-02 02:18:00,none,0
O00943,R0016,2025-05-01 19:24:00,2025-05-01 19:41:00,3.53,2025-05-01 19:24:00,none,0
O00944,R0019,2025-05-01 08:51:00,2025-05-01 09:17:00,1.55,2025-05-01 08:54:00,none,0
O00945,R0041,2025-05-01 22:17:00,2025-05-01 22:47:00,1.84,2025-05-01 22:21:00,none,0
O00946,R0026,2025-05-02 01:23:00,2025-05-02 01:46:00,4.25,2025-05-02 01:25:00,none,0
O00947,R0021,2025-05-01 15:18:00,2025-05-01 15:36:00,0.72,2025-05-01 15:19:00,none,0
O00948,R0019,2025-05-01 21:25:00,2025-05-01 22:03:00,2.74,2025-05-01 21:28:00,none,0
O00949,R0019,2025-05-02 04:43:00,2025-05-02 04:48:00,4.9,2025-05-02 04:45:00,none,0
O00950,R0001,2025-05-01 14:15:00,2025-05-01 14:26:00,3.38,2025-05-01 14:19:00,damaged,0
O00951,R0023,2025-05-01 18:51:00,2025-05-01 19:19:00,4.66,2025-05-01 18:55:00,none,0
O00952,R0006,2025-05-01 09:57:00,2025-05-01 10:05:00,2.28,2025-05-01 09:57:00,none,0
O00953,R0034,2025-05-01 16:42:00,2025-05-01 17:14:00,4.71,2025-05-01 16:46:00,none,0
O00954,R0008,2025-05-01 20:26:00,2025-05-01 20:56:00,4.17,2025-05-01 20:30:00,none,0
O00955,R0008,2025-05-02 03:47:00,2025-05-02 04:05:00,1.23,2025-05-02 03:50:00,damaged,0
O00956,R0023,2025-05-01 19:59:00,2025-05-01 20:33:00,4.73,2025-05-01 20:03:00,none,0
O00957,R0042,2025-05-02 04:40:00,2025-05-02 05:07:00,2.37,2025-05-02 04:40:00,missing,0
O00958,R0024,2025-05-02 03:52:00,2025-05-02 04:06:00,2.65,2025-05-02 03:56:00,none,0
O00959,R0038,2025-05-01 21:39:00,2025-05-01 22:16:00,1.07,2025-05-01 21:43:00,none,0
O00960,R0045,2025-05-01 23:12:00,2025-05-01 23:20:00,1.44,2025-05-01 23:13:00,none,0
O00961,R0025,2025-05-01 09:10:00,2025-05-01 09:44:00,2.14,2025-05-01 09:14:00,none,0
O00962,R0034,2025-05-01 23:19:00,2025-05-01 23:42:00,1.83,2025-05-01 23:22:00,none,0
O00963,R0010,2025-05-02 05:46:00,2025-05-02 06:22:00,4.59,2025-05-02 05:47:00,none,0
O00964,R0037,2025-05-02 07:56:00,2025-05-02 08:16:00,3.01,2025-05-02 07:58:00,none,0
O00965,R0035,2025-05-01 12:19:00,2025-05-01 12:40:00,2.86,2025-05-01 12:20:00,none,0
O00966,R0037,2025-05-01 17:01:00,2025-05-01 17:35:00,1.92,2025-05-01 17:02:00,none,0
O00967,R0018,2025-05-01 11:41:00,2025-05-01 12:03:00,1.88,2025-05-01 11:45:00,none,0
O00968,R0042,2025-05-01 15:21:00,2025-05-01 15:51:00,4.87,2025-05-01 15:25:00,none,0
O00969,R0025,2025-05-02 01:47:00,2025-05-02 01:59:00,4.11,2025-05-02 01:49:00,none,0
O00970,R0027,2025-05-01 18:06:00,2025-05-01 18:40:00,3.53,2025-05-01 18:06:00,none,0
O00971,R0030,2025-05-01 22:21:00,2025-05-01 22:52:00,2.04,2025-05-01 22:25:00,none,0
O00972,R0019,2025-05-02 03:44:00,2025-05-02 04:03:00,3.25,2025-05-02 03:48:00,none,0
O00973,R0043,2025-05-01 12:33:00,2025-05-01 12:40:00,1.35,2025-05-01 12:34:00,none,0
O00974,R0017,2025-05-02 04:09:00,2025-05-02 04:46:00,4.26,2025-05-02 04:10:00,none,0
O00975,R0036,2025-05-01 22:50:00,2025-05-01 23:12:00,1.69,2025-05-01 22:51:00,none,0
O00976,R0033,2025-05-01 08:21:00,2025-05-01 08:27:00,4.22,2025-05-01 08:22:00,none,0
O00977,R0018,2025-05-02 04:08:00,2025-05-02 04:33:00,2.36,2025-05-02 04:11:00,none,0
O00978,R0017,2025-05-01 10:58:00,2025-05-01 11:11:00,0.59,2025-05-01 11:02:00,none,0
O00979,R0048,2025-05-02 01:56:00,2025-05-02 02:32:00,4.27,2025-05-02 01:58:00,none,0
O00980,R0047,2025-05-01 23:24:00,2025-05-01 23:31:00,1.33,2025-05-01 23:27:00,none,0
O00981,R0041,2025-05-01 08:34:00,2025-05-01 08:44:00,2.23,2025-05-01 08:38:00,missing,0
O00982,R0046,2025-05-02 02:10:00,2025-05-02 02:22:00,1.72,2025-05-02 02:11:00,none,0
O00983,R0005,2025-05-01 17:56:00,2025-05-01 18:03:00,0.82,2025-05-01 18:00:00,damaged,0
O00984,R0004,2025-05-01 08:08:00,2025-05-01 08:26:00,4.82,2025-05-01 08:08:00,MDND,0
O00985,R0041,2025-05-01 21:58:00,2025-05-01 22:36:00,1.33,2025-05-01 21:58:00,none,0
O00986,R0015,2025-05-01 08:00:00,2025-05-01 08:14:00,4.76,2025-05-01 08:00:00,none,0
O00987,R0041,2025-05-01 08:11:00,2025-05-01 08:40:00,1.07,2025-05-01 08:12:00,none,0
O00988,R0034,2025-05-01 23:36:00,2025-05-02 00:03:00,4.95,2025-05-01 23:40:00,missing,0
O00989,R0011,2025-05-02 04:13:00,2025-05-02 04:30:00,0.91,2025-05-02 04:16:00,none,0
O00990,R0021,2025-05-02 06:22:00,2025-05-02 06:54:00,3.39,2025-05-02 06:24:00,none,0
O00991,R0034,2025-05-01 10:16:00,2025-05-01 10:52:00,0.61,2025-05-01 10:16:00,none,0
O00992,R0043,2025-05-02 05:12:00,2025-05-02 05:50:00,0.69,2025-05-02 05:13:00,none,0
O00993,R0048,2025-05-01 18:05:00,2025-05-01 18:22:00,1.26,2025-05-01 18:08:00,none,0
O00994,R0011,2025-05-01 14:06:00,2025-05-01 14:28:00,3.55,2025-05-01 14:10:00,none,0
O00995,R0003,2025-05-01 17:47:00,2025-05-01 18:04:00,1.76,2025-05-01 17:47:00,none,0
O00996,R0012,2025-05-02 03:30:00,2025-05-02 04:09:00,1.96,2025-05-02 03:31:00,MDND,0
O00997,R0010,2025-05-01 14:13:00,2025-05-01 14:41:00,2.3,2025-05-01 14:15:00,none,0
O00998,R0009,2025-05-01 20:05:00,2025-05-01 20:32:00,0.58,2025-05-01 20:07:00,none,0
O00999,R0047,2025-05-01 15:18:00,2025-05-01 15:50:00,2.39,2025-05-01 15:20:00,none,0
